guest_id,country_of_origin,total_bookings_lifetime,total_cancellations_lifetime,cancellation_ratio
GST_00001,UK,7,3,0.4286
GST_00002,Netherlands,5,2,0.4
GST_00003,France,4,0,0.0
GST_00004,Australia,2,0,0.0
GST_00005,Thailand,2,0,0.0
GST_00006,Thailand,3,1,0.3333
GST_00007,Thailand,0,0,0.0
GST_00008,UAE,3,1,0.3333
GST_00009,Australia,5,4,0.8
GST_00010,France,4,0,0.0
GST_00011,Thailand,6,2,0.3333
GST_00012,Netherlands,9,2,0.2222
GST_00013,Singapore,0,0,0.0
GST_00014,USA,3,0,0.0
GST_00015,Thailand,1,0,0.0
GST_00016,Thailand,3,3,1.0
GST_00017,USA,2,1,0.5
GST_00018,China,6,2,0.3333
GST_00019,Germany,4,0,0.0
GST_00020,USA,2,1,0.5
GST_00021,Australia,6,1,0.1667
GST_00022,Thailand,2,0,0.0
GST_00023,USA,6,2,0.3333
GST_00024,UK,0,0,0.0
GST_00025,Germany,6,3,0.5
GST_00026,India,4,1,0.25
GST_00027,Thailand,2,1,0.5
GST_00028,China,6,1,0.1667
GST_00029,Australia,1,0,0.0
GST_00030,Thailand,6,3,0.5
GST_00031,Australia,3,2,0.6667
GST_00032,Thailand,3,1,0.3333
GST_00033,Thailand,3,0,0.0
GST_00034,Netherlands,3,1,0.3333
GST_00035,Netherlands,4,3,0.75
GST_00036,Singapore,3,3,1.0
GST_00037,USA,1,0,0.0
GST_00038,Thailand,4,1,0.25
GST_00039,Japan,1,1,1.0
GST_00040,Germany,5,3,0.6
GST_00041,Thailand,2,1,0.5
GST_00042,Germany,0,0,0.0
GST_00043,Thailand,2,1,0.5
GST_00044,Korea,0,0,0.0
GST_00045,USA,4,0,0.0
GST_00046,Japan,6,4,0.6667
GST_00047,USA,3,0,0.0
GST_00048,China,2,1,0.5
GST_00049,China,1,0,0.0
GST_00050,Thailand,4,2,0.5
GST_00051,Netherlands,0,0,0.0
GST_00052,India,8,3,0.375
GST_00053,Canada,5,4,0.8
GST_00054,Korea,1,0,0.0
GST_00055,Australia,1,1,1.0
GST_00056,Canada,1,0,0.0
GST_00057,Thailand,7,1,0.1429
GST_00058,Thailand,4,0,0.0
GST_00059,Thailand,4,1,0.25
GST_00060,UK,4,1,0.25
GST_00061,UK,4,2,0.5
GST_00062,USA,6,1,0.1667
GST_00063,Singapore,8,2,0.25
GST_00064,UK,1,0,0.0
GST_00065,USA,1,0,0.0
GST_00066,China,10,7,0.7
GST_00067,Thailand,2,1,0.5
GST_00068,Singapore,3,0,0.0
GST_00069,Thailand,3,0,0.0
GST_00070,Italy,1,1,1.0
GST_00071,India,8,2,0.25
GST_00072,Thailand,8,3,0.375
GST_00073,Thailand,4,3,0.75
GST_00074,Singapore,6,1,0.1667
GST_00075,France,6,3,0.5
GST_00076,France,2,2,1.0
GST_00077,India,4,2,0.5
GST_00078,Thailand,1,1,1.0
GST_00079,UK,5,2,0.4
GST_00080,Thailand,5,1,0.2
GST_00081,UAE,7,3,0.4286
GST_00082,Australia,8,1,0.125
GST_00083,UK,5,4,0.8
GST_00084,Thailand,5,1,0.2
GST_00085,USA,4,2,0.5
GST_00086,UK,3,1,0.3333
GST_00087,France,3,1,0.3333
GST_00088,Australia,5,2,0.4
GST_00089,Korea,2,0,0.0
GST_00090,Germany,1,0,0.0
GST_00091,Thailand,6,3,0.5
GST_00092,France,5,0,0.0
GST_00093,India,3,1,0.3333
GST_00094,China,4,1,0.25
GST_00095,India,2,1,0.5
GST_00096,Germany,2,1,0.5
GST_00097,China,7,1,0.1429
GST_00098,Germany,2,1,0.5
GST_00099,Thailand,6,0,0.0
GST_00100,Thailand,6,2,0.3333
GST_00101,Thailand,5,0,0.0
GST_00102,Australia,7,1,0.1429
GST_00103,USA,2,0,0.0
GST_00104,China,2,1,0.5
GST_00105,Korea,6,2,0.3333
GST_00106,USA,3,2,0.6667
GST_00107,UK,7,3,0.4286
GST_00108,India,4,0,0.0
GST_00109,USA,6,3,0.5
GST_00110,Thailand,7,4,0.5714
GST_00111,USA,7,2,0.2857
GST_00112,Thailand,6,2,0.3333
GST_00113,Canada,8,4,0.5
GST_00114,Singapore,7,2,0.2857
GST_00115,Australia,8,5,0.625
GST_00116,UAE,3,1,0.3333
GST_00117,Singapore,4,2,0.5
GST_00118,Thailand,2,0,0.0
GST_00119,Korea,5,0,0.0
GST_00120,China,4,3,0.75
GST_00121,Singapore,8,2,0.25
GST_00122,Korea,2,2,1.0
GST_00123,USA,5,4,0.8
GST_00124,Thailand,8,6,0.75
GST_00125,USA,9,3,0.3333
GST_00126,Germany,9,3,0.3333
GST_00127,Singapore,2,0,0.0
GST_00128,UAE,4,1,0.25
GST_00129,Thailand,4,1,0.25
GST_00130,China,4,3,0.75
GST_00131,UK,3,1,0.3333
GST_00132,USA,5,2,0.4
GST_00133,Thailand,9,3,0.3333
GST_00134,UK,7,1,0.1429
GST_00135,Netherlands,1,0,0.0
GST_00136,UK,6,2,0.3333
GST_00137,China,2,0,0.0
GST_00138,France,4,1,0.25
GST_00139,UK,3,1,0.3333
GST_00140,Italy,2,0,0.0
GST_00141,Netherlands,2,1,0.5
GST_00142,USA,5,1,0.2
GST_00143,Germany,4,0,0.0
GST_00144,USA,3,1,0.3333
GST_00145,USA,2,1,0.5
GST_00146,Thailand,1,0,0.0
GST_00147,Australia,4,0,0.0
GST_00148,China,2,1,0.5
GST_00149,Thailand,3,0,0.0
GST_00150,USA,2,1,0.5
GST_00151,Korea,6,1,0.1667
GST_00152,USA,9,1,0.1111
GST_00153,Thailand,1,0,0.0
GST_00154,Germany,2,0,0.0
GST_00155,Italy,5,2,0.4
GST_00156,USA,1,1,1.0
GST_00157,Japan,2,1,0.5
GST_00158,India,3,0,0.0
GST_00159,USA,5,2,0.4
GST_00160,France,6,1,0.1667
GST_00161,UK,3,2,0.6667
GST_00162,Australia,5,1,0.2
GST_00163,Australia,2,0,0.0
GST_00164,China,6,2,0.3333
GST_00165,Thailand,2,2,1.0
GST_00166,Singapore,9,3,0.3333
GST_00167,UK,8,1,0.125
GST_00168,Thailand,3,0,0.0
GST_00169,Thailand,7,0,0.0
GST_00170,Australia,3,3,1.0
GST_00171,Japan,7,3,0.4286
GST_00172,Thailand,6,1,0.1667
GST_00173,China,1,1,1.0
GST_00174,USA,8,3,0.375
GST_00175,Japan,5,2,0.4
GST_00176,Thailand,4,1,0.25
GST_00177,Japan,5,2,0.4
GST_00178,UK,2,1,0.5
GST_00179,Canada,1,0,0.0
GST_00180,Thailand,5,1,0.2
GST_00181,UK,2,1,0.5
GST_00182,Thailand,2,1,0.5
GST_00183,Canada,4,3,0.75
GST_00184,UAE,0,0,0.0
GST_00185,USA,2,1,0.5
GST_00186,Japan,4,3,0.75
GST_00187,Singapore,2,0,0.0
GST_00188,China,3,2,0.6667
GST_00189,China,4,1,0.25
GST_00190,USA,3,1,0.3333
GST_00191,Thailand,8,2,0.25
GST_00192,Korea,2,0,0.0
GST_00193,Korea,6,1,0.1667
GST_00194,Australia,3,0,0.0
GST_00195,UK,5,0,0.0
GST_00196,UK,3,0,0.0
GST_00197,France,3,1,0.3333
GST_00198,Korea,1,1,1.0
GST_00199,Korea,5,1,0.2
GST_00200,India,5,0,0.0
GST_00201,Japan,4,3,0.75
GST_00202,Thailand,2,1,0.5
GST_00203,Thailand,6,1,0.1667
GST_00204,Korea,3,2,0.6667
GST_00205,Australia,4,1,0.25
GST_00206,Thailand,5,1,0.2
GST_00207,Thailand,2,1,0.5
GST_00208,Japan,2,1,0.5
GST_00209,Thailand,4,0,0.0
GST_00210,Thailand,2,1,0.5
GST_00211,China,2,1,0.5
GST_00212,Japan,6,1,0.1667
GST_00213,Japan,3,1,0.3333
GST_00214,USA,12,2,0.1667
GST_00215,France,5,0,0.0
GST_00216,USA,4,1,0.25
GST_00217,UK,4,1,0.25
GST_00218,France,2,1,0.5
GST_00219,Japan,1,1,1.0
GST_00220,UAE,3,0,0.0
GST_00221,Japan,9,2,0.2222
GST_00222,China,2,1,0.5
GST_00223,Thailand,5,2,0.4
GST_00224,UK,4,1,0.25
GST_00225,USA,4,2,0.5
GST_00226,USA,3,2,0.6667
GST_00227,Italy,3,2,0.6667
GST_00228,UK,8,6,0.75
GST_00229,Korea,7,2,0.2857
GST_00230,Australia,2,0,0.0
GST_00231,India,5,1,0.2
GST_00232,China,4,1,0.25
GST_00233,Australia,5,3,0.6
GST_00234,Germany,4,0,0.0
GST_00235,Thailand,2,1,0.5
GST_00236,France,6,2,0.3333
GST_00237,USA,5,3,0.6
GST_00238,Thailand,3,0,0.0
GST_00239,Japan,5,0,0.0
GST_00240,Thailand,3,2,0.6667
GST_00241,Netherlands,5,0,0.0
GST_00242,Netherlands,5,1,0.2
GST_00243,Canada,6,0,0.0
GST_00244,UK,8,2,0.25
GST_00245,Thailand,5,2,0.4
GST_00246,Canada,3,2,0.6667
GST_00247,Germany,9,2,0.2222
GST_00248,Netherlands,5,0,0.0
GST_00249,Netherlands,2,1,0.5
GST_00250,UAE,3,1,0.3333
GST_00251,USA,3,1,0.3333
GST_00252,UK,2,1,0.5
GST_00253,UAE,2,0,0.0
GST_00254,USA,2,1,0.5
GST_00255,Thailand,4,2,0.5
GST_00256,China,5,2,0.4
GST_00257,Canada,3,0,0.0
GST_00258,Japan,3,1,0.3333
GST_00259,Australia,6,4,0.6667
GST_00260,Thailand,6,1,0.1667
GST_00261,Australia,5,0,0.0
GST_00262,Italy,1,0,0.0
GST_00263,Thailand,4,1,0.25
GST_00264,China,5,1,0.2
GST_00265,UAE,5,0,0.0
GST_00266,France,1,0,0.0
GST_00267,Japan,6,2,0.3333
GST_00268,France,2,0,0.0
GST_00269,UK,10,2,0.2
GST_00270,USA,4,2,0.5
GST_00271,Singapore,3,1,0.3333
GST_00272,Singapore,3,2,0.6667
GST_00273,UAE,3,1,0.3333
GST_00274,Canada,0,0,0.0
GST_00275,China,5,2,0.4
GST_00276,China,1,1,1.0
GST_00277,India,7,2,0.2857
GST_00278,Japan,8,4,0.5
GST_00279,France,3,1,0.3333
GST_00280,India,4,2,0.5
GST_00281,Korea,4,2,0.5
GST_00282,UK,5,2,0.4
GST_00283,UK,3,1,0.3333
GST_00284,Thailand,3,0,0.0
GST_00285,Australia,4,1,0.25
GST_00286,Thailand,2,1,0.5
GST_00287,Germany,2,1,0.5
GST_00288,China,1,1,1.0
GST_00289,USA,5,2,0.4
GST_00290,Australia,4,1,0.25
GST_00291,Thailand,3,1,0.3333
GST_00292,Thailand,0,0,0.0
GST_00293,Singapore,4,1,0.25
GST_00294,UK,5,0,0.0
GST_00295,Thailand,3,0,0.0
GST_00296,China,8,0,0.0
GST_00297,India,2,0,0.0
GST_00298,USA,2,2,1.0
GST_00299,Australia,1,1,1.0
GST_00300,Thailand,3,0,0.0
GST_00301,Thailand,5,3,0.6
GST_00302,China,2,2,1.0
GST_00303,China,5,1,0.2
GST_00304,Australia,7,3,0.4286
GST_00305,France,2,0,0.0
GST_00306,Italy,4,1,0.25
GST_00307,China,9,5,0.5556
GST_00308,UK,5,1,0.2
GST_00309,India,2,2,1.0
GST_00310,USA,3,0,0.0
GST_00311,Germany,7,5,0.7143
GST_00312,Thailand,3,2,0.6667
GST_00313,Thailand,1,0,0.0
GST_00314,Netherlands,5,1,0.2
GST_00315,Singapore,6,1,0.1667
GST_00316,Japan,2,1,0.5
GST_00317,UK,5,2,0.4
GST_00318,Thailand,5,2,0.4
GST_00319,Thailand,2,1,0.5
GST_00320,USA,3,1,0.3333
GST_00321,China,3,2,0.6667
GST_00322,France,7,3,0.4286
GST_00323,Japan,4,2,0.5
GST_00324,USA,3,1,0.3333
GST_00325,Netherlands,5,2,0.4
GST_00326,France,3,1,0.3333
GST_00327,China,4,2,0.5
GST_00328,Australia,3,3,1.0
GST_00329,UK,3,0,0.0
GST_00330,USA,5,3,0.6
GST_00331,UK,6,1,0.1667
GST_00332,India,8,3,0.375
GST_00333,Thailand,4,1,0.25
GST_00334,Thailand,1,0,0.0
GST_00335,Thailand,4,2,0.5
GST_00336,Thailand,5,1,0.2
GST_00337,UAE,5,2,0.4
GST_00338,France,8,1,0.125
GST_00339,Germany,1,0,0.0
GST_00340,Thailand,7,1,0.1429
GST_00341,Germany,4,1,0.25
GST_00342,Germany,3,2,0.6667
GST_00343,Thailand,7,1,0.1429
GST_00344,Germany,7,4,0.5714
GST_00345,UK,5,0,0.0
GST_00346,Australia,5,3,0.6
GST_00347,Australia,9,3,0.3333
GST_00348,Thailand,3,2,0.6667
GST_00349,UK,6,3,0.5
GST_00350,Australia,5,2,0.4
GST_00351,China,2,1,0.5
GST_00352,UAE,1,0,0.0
GST_00353,Japan,5,4,0.8
GST_00354,Thailand,4,1,0.25
GST_00355,Thailand,2,1,0.5
GST_00356,Japan,5,2,0.4
GST_00357,Thailand,4,0,0.0
GST_00358,Australia,4,0,0.0
GST_00359,Netherlands,9,4,0.4444
GST_00360,Australia,3,2,0.6667
GST_00361,UK,6,2,0.3333
GST_00362,Japan,7,3,0.4286
GST_00363,Germany,2,1,0.5
GST_00364,China,8,2,0.25
GST_00365,Netherlands,6,3,0.5
GST_00366,UK,5,3,0.6
GST_00367,Netherlands,5,3,0.6
GST_00368,Korea,2,2,1.0
GST_00369,Thailand,7,1,0.1429
GST_00370,Thailand,3,1,0.3333
GST_00371,Thailand,4,0,0.0
GST_00372,Thailand,5,2,0.4
GST_00373,Thailand,4,1,0.25
GST_00374,Japan,3,0,0.0
GST_00375,Thailand,3,1,0.3333
GST_00376,USA,8,4,0.5
GST_00377,UAE,3,0,0.0
GST_00378,Thailand,1,0,0.0
GST_00379,Singapore,4,1,0.25
GST_00380,USA,3,1,0.3333
GST_00381,Thailand,6,3,0.5
GST_00382,Japan,3,0,0.0
GST_00383,Australia,5,1,0.2
GST_00384,UAE,5,1,0.2
GST_00385,France,8,1,0.125
GST_00386,Singapore,5,0,0.0
GST_00387,USA,5,0,0.0
GST_00388,Thailand,4,0,0.0
GST_00389,India,3,1,0.3333
GST_00390,Singapore,1,0,0.0
GST_00391,Italy,4,0,0.0
GST_00392,UK,4,0,0.0
GST_00393,UK,7,2,0.2857
GST_00394,India,3,1,0.3333
GST_00395,UK,5,2,0.4
GST_00396,Canada,5,3,0.6
GST_00397,UAE,5,0,0.0
GST_00398,Germany,2,0,0.0
GST_00399,India,8,1,0.125
GST_00400,India,0,0,0.0
GST_00401,Thailand,6,1,0.1667
GST_00402,Korea,4,0,0.0
GST_00403,China,3,0,0.0
GST_00404,Singapore,2,0,0.0
GST_00405,UK,4,0,0.0
GST_00406,Korea,7,4,0.5714
GST_00407,UK,2,1,0.5
GST_00408,Thailand,5,3,0.6
GST_00409,Korea,2,0,0.0
GST_00410,Thailand,5,1,0.2
GST_00411,USA,3,0,0.0
GST_00412,Netherlands,4,0,0.0
GST_00413,Netherlands,7,2,0.2857
GST_00414,Australia,3,1,0.3333
GST_00415,Australia,4,1,0.25
GST_00416,Germany,3,0,0.0
GST_00417,USA,4,2,0.5
GST_00418,UK,3,1,0.3333
GST_00419,Japan,7,2,0.2857
GST_00420,India,4,2,0.5
GST_00421,India,4,2,0.5
GST_00422,India,8,3,0.375
GST_00423,Thailand,4,1,0.25
GST_00424,Germany,4,1,0.25
GST_00425,Thailand,5,1,0.2
GST_00426,China,4,1,0.25
GST_00427,Germany,3,2,0.6667
GST_00428,Korea,5,2,0.4
GST_00429,UK,5,1,0.2
GST_00430,Thailand,9,3,0.3333
GST_00431,Thailand,4,0,0.0
GST_00432,India,3,0,0.0
GST_00433,Australia,1,0,0.0
GST_00434,Thailand,4,2,0.5
GST_00435,Thailand,6,1,0.1667
GST_00436,France,6,4,0.6667
GST_00437,Thailand,2,1,0.5
GST_00438,Singapore,6,3,0.5
GST_00439,France,1,1,1.0
GST_00440,Thailand,3,1,0.3333
GST_00441,Thailand,5,5,1.0
GST_00442,Italy,3,1,0.3333
GST_00443,UK,1,0,0.0
GST_00444,UK,2,1,0.5
GST_00445,Singapore,4,0,0.0
GST_00446,Netherlands,7,1,0.1429
GST_00447,Italy,4,1,0.25
GST_00448,India,4,1,0.25
GST_00449,UK,4,3,0.75
GST_00450,Thailand,11,3,0.2727
GST_00451,India,2,1,0.5
GST_00452,China,0,0,0.0
GST_00453,Germany,4,0,0.0
GST_00454,Korea,2,1,0.5
GST_00455,Thailand,3,0,0.0
GST_00456,Germany,3,1,0.3333
GST_00457,Thailand,6,2,0.3333
GST_00458,Germany,8,4,0.5
GST_00459,Thailand,4,2,0.5
GST_00460,Thailand,1,0,0.0
GST_00461,Thailand,6,5,0.8333
GST_00462,Japan,7,3,0.4286
GST_00463,France,5,2,0.4
GST_00464,Australia,4,0,0.0
GST_00465,Netherlands,3,2,0.6667
GST_00466,UK,6,3,0.5
GST_00467,USA,1,0,0.0
GST_00468,UAE,8,4,0.5
GST_00469,USA,8,2,0.25
GST_00470,Netherlands,3,0,0.0
GST_00471,Thailand,2,1,0.5
GST_00472,Netherlands,4,1,0.25
GST_00473,Thailand,3,2,0.6667
GST_00474,Korea,6,1,0.1667
GST_00475,China,6,2,0.3333
GST_00476,Italy,3,0,0.0
GST_00477,Thailand,1,0,0.0
GST_00478,China,3,0,0.0
GST_00479,Netherlands,6,3,0.5
GST_00480,China,3,2,0.6667
GST_00481,Australia,0,0,0.0
GST_00482,Japan,0,0,0.0
GST_00483,Germany,3,1,0.3333
GST_00484,Australia,4,1,0.25
GST_00485,Australia,2,1,0.5
GST_00486,Korea,1,1,1.0
GST_00487,Thailand,8,2,0.25
GST_00488,USA,5,2,0.4
GST_00489,Netherlands,7,0,0.0
GST_00490,Korea,3,0,0.0
GST_00491,Germany,3,1,0.3333
GST_00492,Australia,3,1,0.3333
GST_00493,USA,3,1,0.3333
GST_00494,Thailand,3,1,0.3333
GST_00495,Germany,4,1,0.25
GST_00496,UK,6,2,0.3333
GST_00497,Australia,6,3,0.5
GST_00498,Thailand,4,0,0.0
GST_00499,Italy,7,2,0.2857
GST_00500,Italy,6,2,0.3333
GST_00501,Japan,3,0,0.0
GST_00502,China,3,0,0.0
GST_00503,USA,3,0,0.0
GST_00504,Singapore,3,0,0.0
GST_00505,Japan,3,1,0.3333
GST_00506,Thailand,5,2,0.4
GST_00507,Canada,6,1,0.1667
GST_00508,Singapore,2,0,0.0
GST_00509,Netherlands,1,1,1.0
GST_00510,France,4,1,0.25
GST_00511,Australia,7,5,0.7143
GST_00512,UK,1,0,0.0
GST_00513,Canada,5,1,0.2
GST_00514,UAE,4,1,0.25
GST_00515,Thailand,3,1,0.3333
GST_00516,Thailand,3,1,0.3333
GST_00517,UK,4,1,0.25
GST_00518,Singapore,6,4,0.6667
GST_00519,Italy,5,2,0.4
GST_00520,Thailand,5,0,0.0
GST_00521,Australia,4,2,0.5
GST_00522,UK,6,0,0.0
GST_00523,Netherlands,6,1,0.1667
GST_00524,UAE,3,0,0.0
GST_00525,Singapore,1,0,0.0
GST_00526,Germany,4,2,0.5
GST_00527,UK,5,1,0.2
GST_00528,USA,7,4,0.5714
GST_00529,Thailand,2,0,0.0
GST_00530,UAE,9,2,0.2222
GST_00531,Singapore,9,3,0.3333
GST_00532,Italy,2,1,0.5
GST_00533,Italy,5,3,0.6
GST_00534,China,6,1,0.1667
GST_00535,India,3,1,0.3333
GST_00536,Netherlands,4,1,0.25
GST_00537,UAE,2,0,0.0
GST_00538,USA,3,1,0.3333
GST_00539,Germany,3,1,0.3333
GST_00540,Thailand,6,2,0.3333
GST_00541,Netherlands,3,0,0.0
GST_00542,Australia,4,1,0.25
GST_00543,USA,4,1,0.25
GST_00544,Japan,3,1,0.3333
GST_00545,Australia,3,2,0.6667
GST_00546,UK,3,3,1.0
GST_00547,Thailand,9,4,0.4444
GST_00548,Japan,3,2,0.6667
GST_00549,China,6,1,0.1667
GST_00550,India,5,2,0.4
GST_00551,China,2,1,0.5
GST_00552,UAE,3,0,0.0
GST_00553,China,6,1,0.1667
GST_00554,China,0,0,0.0
GST_00555,UAE,5,2,0.4
GST_00556,UK,3,1,0.3333
GST_00557,Thailand,4,4,1.0
GST_00558,Thailand,1,1,1.0
GST_00559,India,5,2,0.4
GST_00560,Australia,1,1,1.0
GST_00561,France,2,1,0.5
GST_00562,USA,3,1,0.3333
GST_00563,Thailand,2,1,0.5
GST_00564,Thailand,2,1,0.5
GST_00565,UK,3,2,0.6667
GST_00566,Australia,3,2,0.6667
GST_00567,UK,6,1,0.1667
GST_00568,Germany,2,1,0.5
GST_00569,Korea,5,1,0.2
GST_00570,UK,4,0,0.0
GST_00571,China,3,1,0.3333
GST_00572,India,3,0,0.0
GST_00573,UK,2,2,1.0
GST_00574,Australia,4,0,0.0
GST_00575,UAE,11,2,0.1818
GST_00576,Netherlands,4,2,0.5
GST_00577,Thailand,2,1,0.5
GST_00578,Canada,6,3,0.5
GST_00579,Germany,5,3,0.6
GST_00580,USA,1,0,0.0
GST_00581,Germany,4,1,0.25
GST_00582,Italy,7,4,0.5714
GST_00583,Germany,4,2,0.5
GST_00584,UK,2,0,0.0
GST_00585,Australia,4,1,0.25
GST_00586,USA,2,1,0.5
GST_00587,Thailand,6,1,0.1667
GST_00588,Thailand,6,1,0.1667
GST_00589,Thailand,2,0,0.0
GST_00590,Thailand,5,0,0.0
GST_00591,Thailand,3,1,0.3333
GST_00592,Japan,5,2,0.4
GST_00593,Thailand,3,0,0.0
GST_00594,UK,5,3,0.6
GST_00595,Korea,3,1,0.3333
GST_00596,Germany,7,3,0.4286
GST_00597,Japan,7,1,0.1429
GST_00598,Thailand,4,2,0.5
GST_00599,Thailand,6,2,0.3333
GST_00600,Thailand,2,0,0.0
GST_00601,Thailand,8,3,0.375
GST_00602,USA,6,0,0.0
GST_00603,Thailand,5,2,0.4
GST_00604,Thailand,5,4,0.8
GST_00605,Thailand,4,1,0.25
GST_00606,Germany,2,0,0.0
GST_00607,USA,4,3,0.75
GST_00608,UK,10,4,0.4
GST_00609,China,5,1,0.2
GST_00610,Japan,8,1,0.125
GST_00611,Thailand,4,0,0.0
GST_00612,India,9,3,0.3333
GST_00613,Australia,4,1,0.25
GST_00614,Thailand,6,2,0.3333
GST_00615,UAE,2,1,0.5
GST_00616,Canada,5,2,0.4
GST_00617,Thailand,10,4,0.4
GST_00618,USA,5,1,0.2
GST_00619,Singapore,3,0,0.0
GST_00620,France,5,1,0.2
GST_00621,Thailand,6,3,0.5
GST_00622,USA,5,2,0.4
GST_00623,UK,3,0,0.0
GST_00624,Germany,9,2,0.2222
GST_00625,Australia,5,2,0.4
GST_00626,UK,4,1,0.25
GST_00627,Germany,5,1,0.2
GST_00628,France,5,0,0.0
GST_00629,Thailand,5,1,0.2
GST_00630,USA,0,0,0.0
GST_00631,France,3,0,0.0
GST_00632,Korea,4,1,0.25
GST_00633,China,2,0,0.0
GST_00634,China,3,0,0.0
GST_00635,Thailand,1,0,0.0
GST_00636,Germany,4,0,0.0
GST_00637,China,7,2,0.2857
GST_00638,USA,4,0,0.0
GST_00639,USA,4,0,0.0
GST_00640,UK,3,0,0.0
GST_00641,Thailand,6,3,0.5
GST_00642,UK,2,1,0.5
GST_00643,USA,5,0,0.0
GST_00644,UK,5,1,0.2
GST_00645,Thailand,2,1,0.5
GST_00646,Korea,4,0,0.0
GST_00647,Australia,0,0,0.0
GST_00648,Japan,2,2,1.0
GST_00649,India,4,0,0.0
GST_00650,Germany,2,1,0.5
GST_00651,Thailand,3,1,0.3333
GST_00652,China,5,2,0.4
GST_00653,Australia,4,0,0.0
GST_00654,France,5,0,0.0
GST_00655,Germany,3,1,0.3333
GST_00656,Thailand,3,0,0.0
GST_00657,USA,6,1,0.1667
GST_00658,UK,5,2,0.4
GST_00659,Japan,7,3,0.4286
GST_00660,Australia,3,0,0.0
GST_00661,UK,3,2,0.6667
GST_00662,Italy,4,2,0.5
GST_00663,Australia,4,0,0.0
GST_00664,USA,4,1,0.25
GST_00665,Thailand,6,3,0.5
GST_00666,Thailand,3,1,0.3333
GST_00667,USA,4,0,0.0
GST_00668,Thailand,3,1,0.3333
GST_00669,Thailand,11,5,0.4545
GST_00670,USA,2,0,0.0
GST_00671,Thailand,3,0,0.0
GST_00672,Korea,0,0,0.0
GST_00673,Thailand,2,1,0.5
GST_00674,China,2,1,0.5
GST_00675,UK,2,1,0.5
GST_00676,Italy,6,2,0.3333
GST_00677,Thailand,3,0,0.0
GST_00678,UK,0,0,0.0
GST_00679,Netherlands,5,1,0.2
GST_00680,UAE,2,2,1.0
GST_00681,Singapore,6,4,0.6667
GST_00682,USA,4,1,0.25
GST_00683,Thailand,5,3,0.6
GST_00684,Japan,1,0,0.0
GST_00685,Canada,1,1,1.0
GST_00686,China,5,1,0.2
GST_00687,Australia,3,1,0.3333
GST_00688,USA,5,1,0.2
GST_00689,India,2,1,0.5
GST_00690,Thailand,1,1,1.0
GST_00691,UK,4,1,0.25
GST_00692,Germany,0,0,0.0
GST_00693,China,2,0,0.0
GST_00694,USA,1,0,0.0
GST_00695,Thailand,2,1,0.5
GST_00696,Australia,6,2,0.3333
GST_00697,USA,3,2,0.6667
GST_00698,Australia,4,1,0.25
GST_00699,Thailand,3,2,0.6667
GST_00700,Germany,1,0,0.0
GST_00701,China,6,3,0.5
GST_00702,Thailand,4,0,0.0
GST_00703,UK,2,2,1.0
GST_00704,Thailand,7,3,0.4286
GST_00705,Thailand,3,1,0.3333
GST_00706,Italy,2,0,0.0
GST_00707,UK,6,3,0.5
GST_00708,Singapore,1,1,1.0
GST_00709,USA,8,6,0.75
GST_00710,Japan,7,3,0.4286
GST_00711,India,3,0,0.0
GST_00712,Australia,4,2,0.5
GST_00713,Germany,2,0,0.0
GST_00714,UK,6,2,0.3333
GST_00715,UK,2,0,0.0
GST_00716,Canada,8,2,0.25
GST_00717,Singapore,4,0,0.0
GST_00718,Netherlands,1,0,0.0
GST_00719,Thailand,2,1,0.5
GST_00720,France,6,3,0.5
GST_00721,Canada,5,1,0.2
GST_00722,Thailand,1,1,1.0
GST_00723,Thailand,4,1,0.25
GST_00724,France,6,2,0.3333
GST_00725,Australia,3,2,0.6667
GST_00726,UAE,4,0,0.0
GST_00727,Thailand,5,1,0.2
GST_00728,India,5,3,0.6
GST_00729,USA,1,0,0.0
GST_00730,Thailand,2,0,0.0
GST_00731,Thailand,7,2,0.2857
GST_00732,Singapore,9,4,0.4444
GST_00733,Japan,4,0,0.0
GST_00734,China,2,1,0.5
GST_00735,UK,4,2,0.5
GST_00736,UAE,1,0,0.0
GST_00737,UK,3,0,0.0
GST_00738,Singapore,6,2,0.3333
GST_00739,Germany,3,0,0.0
GST_00740,UK,5,1,0.2
GST_00741,Germany,4,1,0.25
GST_00742,USA,2,0,0.0
GST_00743,France,4,1,0.25
GST_00744,China,7,2,0.2857
GST_00745,USA,3,1,0.3333
GST_00746,Korea,6,0,0.0
GST_00747,UK,4,1,0.25
GST_00748,China,4,2,0.5
GST_00749,Korea,2,0,0.0
GST_00750,Australia,4,3,0.75
GST_00751,Thailand,3,3,1.0
GST_00752,Canada,3,2,0.6667
GST_00753,Australia,3,0,0.0
GST_00754,UK,1,1,1.0
GST_00755,Thailand,2,0,0.0
GST_00756,India,4,1,0.25
GST_00757,Australia,4,1,0.25
GST_00758,China,5,4,0.8
GST_00759,Korea,2,2,1.0
GST_00760,India,2,0,0.0
GST_00761,Thailand,3,1,0.3333
GST_00762,USA,4,0,0.0
GST_00763,USA,3,2,0.6667
GST_00764,France,5,2,0.4
GST_00765,Thailand,7,2,0.2857
GST_00766,China,8,2,0.25
GST_00767,India,2,0,0.0
GST_00768,UAE,4,3,0.75
GST_00769,UK,3,0,0.0
GST_00770,Singapore,2,1,0.5
GST_00771,Thailand,4,1,0.25
GST_00772,UAE,2,1,0.5
GST_00773,Thailand,8,2,0.25
GST_00774,UK,3,0,0.0
GST_00775,India,1,1,1.0
GST_00776,Thailand,5,1,0.2
GST_00777,USA,2,0,0.0
GST_00778,France,4,1,0.25
GST_00779,France,3,1,0.3333
GST_00780,Japan,7,3,0.4286
GST_00781,Japan,4,0,0.0
GST_00782,China,5,1,0.2
GST_00783,USA,6,1,0.1667
GST_00784,UK,2,2,1.0
GST_00785,Thailand,4,2,0.5
GST_00786,Korea,3,1,0.3333
GST_00787,Australia,5,3,0.6
GST_00788,UK,3,2,0.6667
GST_00789,Germany,4,1,0.25
GST_00790,Netherlands,8,5,0.625
GST_00791,Thailand,7,3,0.4286
GST_00792,Australia,1,1,1.0
GST_00793,China,5,2,0.4
GST_00794,Australia,4,1,0.25
GST_00795,Thailand,2,1,0.5
GST_00796,UAE,7,1,0.1429
GST_00797,Canada,4,2,0.5
GST_00798,China,7,5,0.7143
GST_00799,Japan,3,1,0.3333
GST_00800,Canada,3,2,0.6667
GST_00801,France,3,1,0.3333
GST_00802,Thailand,5,1,0.2
GST_00803,Australia,2,0,0.0
GST_00804,Australia,4,1,0.25
GST_00805,Germany,4,1,0.25
GST_00806,France,4,2,0.5
GST_00807,Canada,5,1,0.2
GST_00808,Canada,4,2,0.5
GST_00809,Germany,2,0,0.0
GST_00810,Thailand,7,3,0.4286
GST_00811,Italy,6,2,0.3333
GST_00812,Singapore,4,0,0.0
GST_00813,Thailand,6,4,0.6667
GST_00814,Canada,4,2,0.5
GST_00815,UAE,3,1,0.3333
GST_00816,China,3,1,0.3333
GST_00817,Australia,3,2,0.6667
GST_00818,UK,4,2,0.5
GST_00819,Thailand,10,2,0.2
GST_00820,UK,0,0,0.0
GST_00821,Singapore,6,3,0.5
GST_00822,Thailand,4,2,0.5
GST_00823,UK,2,1,0.5
GST_00824,UK,6,3,0.5
GST_00825,China,2,2,1.0
GST_00826,Canada,4,1,0.25
GST_00827,UK,5,0,0.0
GST_00828,UK,6,3,0.5
GST_00829,France,0,0,0.0
GST_00830,Germany,7,1,0.1429
GST_00831,USA,6,3,0.5
GST_00832,Germany,4,1,0.25
GST_00833,Thailand,2,2,1.0
GST_00834,Thailand,1,1,1.0
GST_00835,Germany,5,2,0.4
GST_00836,UK,4,1,0.25
GST_00837,Canada,3,2,0.6667
GST_00838,UK,3,0,0.0
GST_00839,Australia,2,1,0.5
GST_00840,Australia,7,1,0.1429
GST_00841,Thailand,1,0,0.0
GST_00842,Japan,3,2,0.6667
GST_00843,Thailand,3,1,0.3333
GST_00844,Netherlands,2,0,0.0
GST_00845,Thailand,5,0,0.0
GST_00846,UK,5,1,0.2
GST_00847,Thailand,3,3,1.0
GST_00848,Italy,5,3,0.6
GST_00849,China,1,1,1.0
GST_00850,Australia,6,4,0.6667
GST_00851,Thailand,3,0,0.0
GST_00852,France,2,0,0.0
GST_00853,USA,5,1,0.2
GST_00854,Korea,3,1,0.3333
GST_00855,USA,2,1,0.5
GST_00856,Thailand,4,1,0.25
GST_00857,Thailand,0,0,0.0
GST_00858,Germany,4,0,0.0
GST_00859,China,4,1,0.25
GST_00860,Thailand,4,2,0.5
GST_00861,India,2,0,0.0
GST_00862,Germany,3,0,0.0
GST_00863,China,3,2,0.6667
GST_00864,Germany,2,0,0.0
GST_00865,UK,2,0,0.0
GST_00866,China,4,0,0.0
GST_00867,Thailand,4,1,0.25
GST_00868,Thailand,6,1,0.1667
GST_00869,UAE,3,1,0.3333
GST_00870,Netherlands,2,1,0.5
GST_00871,UK,6,2,0.3333
GST_00872,USA,5,2,0.4
GST_00873,Japan,3,2,0.6667
GST_00874,UK,6,3,0.5
GST_00875,Thailand,4,0,0.0
GST_00876,Thailand,6,0,0.0
GST_00877,France,3,0,0.0
GST_00878,Japan,5,0,0.0
GST_00879,Thailand,3,1,0.3333
GST_00880,USA,1,1,1.0
GST_00881,USA,6,0,0.0
GST_00882,Japan,6,0,0.0
GST_00883,Thailand,2,0,0.0
GST_00884,Thailand,3,0,0.0
GST_00885,India,4,3,0.75
GST_00886,Thailand,2,0,0.0
GST_00887,Japan,2,0,0.0
GST_00888,USA,4,1,0.25
GST_00889,Thailand,1,1,1.0
GST_00890,USA,5,1,0.2
GST_00891,France,2,0,0.0
GST_00892,UAE,0,0,0.0
GST_00893,Singapore,3,1,0.3333
GST_00894,UK,6,3,0.5
GST_00895,Japan,2,1,0.5
GST_00896,USA,4,1,0.25
GST_00897,USA,2,1,0.5
GST_00898,Korea,6,1,0.1667
GST_00899,Thailand,10,2,0.2
GST_00900,Thailand,8,3,0.375
GST_00901,USA,6,2,0.3333
GST_00902,Thailand,4,0,0.0
GST_00903,Thailand,2,1,0.5
GST_00904,Australia,5,4,0.8
GST_00905,Germany,5,2,0.4
GST_00906,Korea,4,0,0.0
GST_00907,Singapore,3,0,0.0
GST_00908,UK,7,3,0.4286
GST_00909,USA,5,3,0.6
GST_00910,UK,4,1,0.25
GST_00911,Australia,3,0,0.0
GST_00912,USA,4,1,0.25
GST_00913,Australia,2,0,0.0
GST_00914,UK,3,1,0.3333
GST_00915,China,3,0,0.0
GST_00916,Germany,2,0,0.0
GST_00917,USA,4,3,0.75
GST_00918,Netherlands,5,2,0.4
GST_00919,India,5,2,0.4
GST_00920,Thailand,2,1,0.5
GST_00921,UAE,5,2,0.4
GST_00922,Germany,7,0,0.0
GST_00923,Korea,4,0,0.0
GST_00924,India,0,0,0.0
GST_00925,Germany,6,1,0.1667
GST_00926,Thailand,3,2,0.6667
GST_00927,USA,4,3,0.75
GST_00928,China,1,1,1.0
GST_00929,Australia,4,1,0.25
GST_00930,USA,3,0,0.0
GST_00931,Thailand,5,3,0.6
GST_00932,Singapore,3,2,0.6667
GST_00933,Italy,3,0,0.0
GST_00934,China,3,2,0.6667
GST_00935,Thailand,3,2,0.6667
GST_00936,USA,6,2,0.3333
GST_00937,Thailand,3,0,0.0
GST_00938,Canada,4,2,0.5
GST_00939,Thailand,2,0,0.0
GST_00940,Australia,5,1,0.2
GST_00941,USA,3,0,0.0
GST_00942,China,6,4,0.6667
GST_00943,Japan,8,2,0.25
GST_00944,Singapore,4,1,0.25
GST_00945,USA,1,0,0.0
GST_00946,Thailand,2,0,0.0
GST_00947,Thailand,2,0,0.0
GST_00948,Korea,6,3,0.5
GST_00949,UAE,3,0,0.0
GST_00950,Australia,6,1,0.1667
GST_00951,Australia,6,0,0.0
GST_00952,Japan,5,1,0.2
GST_00953,Thailand,7,2,0.2857
GST_00954,Canada,5,0,0.0
GST_00955,UK,2,1,0.5
GST_00956,UK,3,2,0.6667
GST_00957,China,2,2,1.0
GST_00958,Thailand,5,2,0.4
GST_00959,Thailand,6,1,0.1667
GST_00960,France,6,3,0.5
GST_00961,Thailand,6,2,0.3333
GST_00962,Australia,3,1,0.3333
GST_00963,USA,1,0,0.0
GST_00964,UK,3,1,0.3333
GST_00965,USA,2,0,0.0
GST_00966,UK,2,0,0.0
GST_00967,France,2,1,0.5
GST_00968,USA,3,0,0.0
GST_00969,China,5,1,0.2
GST_00970,Germany,1,0,0.0
GST_00971,Japan,2,1,0.5
GST_00972,Canada,3,1,0.3333
GST_00973,France,5,3,0.6
GST_00974,USA,2,0,0.0
GST_00975,Thailand,3,1,0.3333
GST_00976,USA,2,1,0.5
GST_00977,Australia,3,2,0.6667
GST_00978,Thailand,5,1,0.2
GST_00979,Germany,5,0,0.0
GST_00980,Australia,6,2,0.3333
GST_00981,UK,3,0,0.0
GST_00982,India,3,1,0.3333
GST_00983,Thailand,4,0,0.0
GST_00984,Thailand,4,2,0.5
GST_00985,France,4,2,0.5
GST_00986,Germany,4,4,1.0
GST_00987,Japan,3,3,1.0
GST_00988,Germany,4,1,0.25
GST_00989,USA,3,1,0.3333
GST_00990,Singapore,5,3,0.6
GST_00991,India,3,0,0.0
GST_00992,Japan,4,2,0.5
GST_00993,USA,3,2,0.6667
GST_00994,Australia,6,0,0.0
GST_00995,UK,3,1,0.3333
GST_00996,Thailand,6,2,0.3333
GST_00997,Canada,3,2,0.6667
GST_00998,Thailand,3,0,0.0
GST_00999,Netherlands,1,0,0.0
GST_01000,Germany,6,2,0.3333
GST_01001,Thailand,3,2,0.6667
GST_01002,China,5,3,0.6
GST_01003,UAE,1,0,0.0
GST_01004,France,2,1,0.5
GST_01005,Singapore,3,2,0.6667
GST_01006,Japan,4,0,0.0
GST_01007,Japan,1,0,0.0
GST_01008,UAE,3,2,0.6667
GST_01009,USA,1,0,0.0
GST_01010,Germany,5,3,0.6
GST_01011,USA,1,1,1.0
GST_01012,Italy,3,0,0.0
GST_01013,Netherlands,3,0,0.0
GST_01014,Thailand,5,0,0.0
GST_01015,France,6,0,0.0
GST_01016,Canada,6,2,0.3333
GST_01017,Thailand,8,1,0.125
GST_01018,China,3,0,0.0
GST_01019,Canada,2,1,0.5
GST_01020,Thailand,7,2,0.2857
GST_01021,Japan,6,5,0.8333
GST_01022,USA,2,1,0.5
GST_01023,Canada,4,0,0.0
GST_01024,Italy,6,1,0.1667
GST_01025,Netherlands,6,2,0.3333
GST_01026,Germany,3,1,0.3333
GST_01027,UAE,4,1,0.25
GST_01028,UAE,3,1,0.3333
GST_01029,USA,8,4,0.5
GST_01030,Singapore,2,1,0.5
GST_01031,Thailand,5,1,0.2
GST_01032,Australia,1,0,0.0
GST_01033,USA,7,0,0.0
GST_01034,Thailand,1,0,0.0
GST_01035,Thailand,2,1,0.5
GST_01036,Japan,3,1,0.3333
GST_01037,UK,3,1,0.3333
GST_01038,France,5,2,0.4
GST_01039,Thailand,3,0,0.0
GST_01040,USA,5,3,0.6
GST_01041,China,3,0,0.0
GST_01042,India,2,1,0.5
GST_01043,USA,3,2,0.6667
GST_01044,Australia,5,1,0.2
GST_01045,Korea,6,2,0.3333
GST_01046,Australia,6,2,0.3333
GST_01047,USA,1,1,1.0
GST_01048,Thailand,5,1,0.2
GST_01049,UAE,1,1,1.0
GST_01050,Thailand,4,2,0.5
GST_01051,UAE,4,1,0.25
GST_01052,China,3,1,0.3333
GST_01053,Canada,2,1,0.5
GST_01054,India,7,3,0.4286
GST_01055,Italy,4,2,0.5
GST_01056,UK,12,4,0.3333
GST_01057,India,6,3,0.5
GST_01058,UK,6,3,0.5
GST_01059,Germany,3,1,0.3333
GST_01060,Australia,2,1,0.5
GST_01061,UAE,6,3,0.5
GST_01062,Italy,3,0,0.0
GST_01063,India,4,3,0.75
GST_01064,UK,3,1,0.3333
GST_01065,Germany,5,0,0.0
GST_01066,France,5,2,0.4
GST_01067,USA,4,1,0.25
GST_01068,Thailand,8,2,0.25
GST_01069,UK,2,2,1.0
GST_01070,USA,5,1,0.2
GST_01071,USA,6,0,0.0
GST_01072,USA,8,2,0.25
GST_01073,Thailand,2,2,1.0
GST_01074,Thailand,4,1,0.25
GST_01075,Italy,4,1,0.25
GST_01076,Germany,6,1,0.1667
GST_01077,UK,8,2,0.25
GST_01078,Japan,4,1,0.25
GST_01079,USA,2,1,0.5
GST_01080,Netherlands,7,4,0.5714
GST_01081,India,2,0,0.0
GST_01082,Thailand,4,1,0.25
GST_01083,UK,5,3,0.6
GST_01084,UAE,3,0,0.0
GST_01085,Netherlands,1,0,0.0
GST_01086,Germany,3,1,0.3333
GST_01087,Australia,2,1,0.5
GST_01088,Thailand,2,0,0.0
GST_01089,Italy,9,2,0.2222
GST_01090,USA,5,1,0.2
GST_01091,Netherlands,3,1,0.3333
GST_01092,Japan,4,2,0.5
GST_01093,Australia,4,1,0.25
GST_01094,China,3,1,0.3333
GST_01095,USA,6,2,0.3333
GST_01096,Thailand,6,2,0.3333
GST_01097,USA,8,1,0.125
GST_01098,Thailand,3,0,0.0
GST_01099,India,2,2,1.0
GST_01100,UK,2,0,0.0
GST_01101,Thailand,6,1,0.1667
GST_01102,Netherlands,3,1,0.3333
GST_01103,Korea,2,0,0.0
GST_01104,Canada,2,1,0.5
GST_01105,Italy,3,0,0.0
GST_01106,Thailand,2,1,0.5
GST_01107,UK,6,1,0.1667
GST_01108,India,5,1,0.2
GST_01109,Japan,5,0,0.0
GST_01110,Thailand,4,3,0.75
GST_01111,Singapore,5,0,0.0
GST_01112,USA,8,6,0.75
GST_01113,USA,3,0,0.0
GST_01114,China,4,3,0.75
GST_01115,Australia,5,3,0.6
GST_01116,Australia,3,0,0.0
GST_01117,Thailand,3,0,0.0
GST_01118,UAE,1,0,0.0
GST_01119,USA,6,2,0.3333
GST_01120,Thailand,3,2,0.6667
GST_01121,Korea,7,4,0.5714
GST_01122,Netherlands,3,0,0.0
GST_01123,UAE,2,0,0.0
GST_01124,Singapore,6,1,0.1667
GST_01125,Japan,4,1,0.25
GST_01126,China,5,3,0.6
GST_01127,Thailand,4,2,0.5
GST_01128,UK,2,1,0.5
GST_01129,UK,2,1,0.5
GST_01130,USA,8,4,0.5
GST_01131,France,5,0,0.0
GST_01132,Germany,2,0,0.0
GST_01133,Thailand,8,4,0.5
GST_01134,USA,7,5,0.7143
GST_01135,Japan,2,1,0.5
GST_01136,Thailand,6,2,0.3333
GST_01137,UAE,5,0,0.0
GST_01138,Germany,5,0,0.0
GST_01139,Germany,2,0,0.0
GST_01140,Australia,1,0,0.0
GST_01141,Singapore,4,2,0.5
GST_01142,UK,1,1,1.0
GST_01143,Japan,3,1,0.3333
GST_01144,China,4,0,0.0
GST_01145,USA,2,1,0.5
GST_01146,UAE,4,2,0.5
GST_01147,India,5,2,0.4
GST_01148,Japan,8,4,0.5
GST_01149,UAE,5,3,0.6
GST_01150,UAE,6,2,0.3333
GST_01151,France,8,4,0.5
GST_01152,Singapore,4,1,0.25
GST_01153,Japan,5,3,0.6
GST_01154,Japan,5,1,0.2
GST_01155,Australia,3,2,0.6667
GST_01156,India,1,1,1.0
GST_01157,Thailand,1,0,0.0
GST_01158,Korea,3,1,0.3333
GST_01159,UAE,3,1,0.3333
GST_01160,Thailand,4,4,1.0
GST_01161,Singapore,3,1,0.3333
GST_01162,Thailand,4,1,0.25
GST_01163,UK,4,0,0.0
GST_01164,France,5,2,0.4
GST_01165,Thailand,4,2,0.5
GST_01166,Singapore,1,0,0.0
GST_01167,Singapore,3,0,0.0
GST_01168,China,3,0,0.0
GST_01169,Thailand,6,3,0.5
GST_01170,USA,1,0,0.0
GST_01171,Australia,5,0,0.0
GST_01172,Italy,4,3,0.75
GST_01173,Australia,1,0,0.0
GST_01174,USA,4,2,0.5
GST_01175,Australia,1,1,1.0
GST_01176,China,5,0,0.0
GST_01177,India,4,1,0.25
GST_01178,Thailand,8,3,0.375
GST_01179,India,2,1,0.5
GST_01180,China,4,1,0.25
GST_01181,Netherlands,7,2,0.2857
GST_01182,UK,3,1,0.3333
GST_01183,Australia,4,0,0.0
GST_01184,Canada,1,1,1.0
GST_01185,Thailand,1,1,1.0
GST_01186,Canada,7,1,0.1429
GST_01187,Japan,2,0,0.0
GST_01188,Thailand,3,2,0.6667
GST_01189,USA,4,1,0.25
GST_01190,France,2,1,0.5
GST_01191,Thailand,6,2,0.3333
GST_01192,Australia,3,0,0.0
GST_01193,UK,3,1,0.3333
GST_01194,Australia,4,0,0.0
GST_01195,Thailand,6,2,0.3333
GST_01196,UAE,5,5,1.0
GST_01197,Italy,3,2,0.6667
GST_01198,Netherlands,2,1,0.5
GST_01199,France,3,0,0.0
GST_01200,Thailand,4,0,0.0
GST_01201,India,2,0,0.0
GST_01202,Thailand,4,2,0.5
GST_01203,Thailand,3,0,0.0
GST_01204,UK,5,1,0.2
GST_01205,Germany,4,2,0.5
GST_01206,India,4,0,0.0
GST_01207,Japan,1,0,0.0
GST_01208,Germany,3,0,0.0
GST_01209,USA,5,1,0.2
GST_01210,Italy,5,2,0.4
GST_01211,Germany,5,2,0.4
GST_01212,Germany,3,3,1.0
GST_01213,Thailand,4,1,0.25
GST_01214,India,2,2,1.0
GST_01215,Japan,3,1,0.3333
GST_01216,USA,5,1,0.2
GST_01217,Thailand,4,0,0.0
GST_01218,Japan,6,1,0.1667
GST_01219,Japan,2,1,0.5
GST_01220,USA,3,1,0.3333
GST_01221,Netherlands,5,1,0.2
GST_01222,Thailand,4,1,0.25
GST_01223,Germany,4,2,0.5
GST_01224,Netherlands,6,3,0.5
GST_01225,UK,4,2,0.5
GST_01226,Australia,7,5,0.7143
GST_01227,UK,6,1,0.1667
GST_01228,USA,5,1,0.2
GST_01229,Italy,3,1,0.3333
GST_01230,UK,1,0,0.0
GST_01231,Korea,6,4,0.6667
GST_01232,USA,6,1,0.1667
GST_01233,USA,3,2,0.6667
GST_01234,Thailand,6,3,0.5
GST_01235,Japan,3,3,1.0
GST_01236,UK,6,5,0.8333
GST_01237,UAE,0,0,0.0
GST_01238,Germany,2,2,1.0
GST_01239,Netherlands,9,1,0.1111
GST_01240,Thailand,5,2,0.4
GST_01241,UAE,2,0,0.0
GST_01242,India,6,1,0.1667
GST_01243,India,11,4,0.3636
GST_01244,UAE,5,1,0.2
GST_01245,India,2,1,0.5
GST_01246,Australia,7,4,0.5714
GST_01247,Thailand,4,1,0.25
GST_01248,Thailand,4,2,0.5
GST_01249,Canada,8,2,0.25
GST_01250,Australia,2,0,0.0
GST_01251,India,2,0,0.0
GST_01252,Germany,1,1,1.0
GST_01253,Thailand,3,2,0.6667
GST_01254,Thailand,3,0,0.0
GST_01255,Japan,3,1,0.3333
GST_01256,Germany,7,2,0.2857
GST_01257,USA,5,4,0.8
GST_01258,Germany,4,1,0.25
GST_01259,Thailand,2,0,0.0
GST_01260,Australia,7,1,0.1429
GST_01261,USA,4,1,0.25
GST_01262,India,3,1,0.3333
GST_01263,USA,2,1,0.5
GST_01264,Germany,5,2,0.4
GST_01265,Thailand,3,1,0.3333
GST_01266,Thailand,3,1,0.3333
GST_01267,UK,6,1,0.1667
GST_01268,Germany,3,1,0.3333
GST_01269,Australia,2,0,0.0
GST_01270,USA,7,3,0.4286
GST_01271,Japan,4,2,0.5
GST_01272,UAE,5,4,0.8
GST_01273,India,7,3,0.4286
GST_01274,Thailand,6,2,0.3333
GST_01275,Germany,5,0,0.0
GST_01276,Thailand,2,0,0.0
GST_01277,USA,2,1,0.5
GST_01278,Italy,5,0,0.0
GST_01279,Thailand,6,2,0.3333
GST_01280,Germany,3,1,0.3333
GST_01281,Australia,7,1,0.1429
GST_01282,France,2,1,0.5
GST_01283,China,4,0,0.0
GST_01284,Thailand,2,1,0.5
GST_01285,UK,4,0,0.0
GST_01286,China,2,1,0.5
GST_01287,Thailand,5,0,0.0
GST_01288,UK,2,2,1.0
GST_01289,Thailand,8,3,0.375
GST_01290,Thailand,7,2,0.2857
GST_01291,UK,4,2,0.5
GST_01292,Thailand,2,1,0.5
GST_01293,China,3,2,0.6667
GST_01294,Japan,2,0,0.0
GST_01295,Singapore,6,0,0.0
GST_01296,USA,4,1,0.25
GST_01297,Thailand,4,1,0.25
GST_01298,Thailand,2,1,0.5
GST_01299,Australia,0,0,0.0
GST_01300,France,5,2,0.4
GST_01301,Thailand,2,0,0.0
GST_01302,Canada,5,2,0.4
GST_01303,Thailand,7,3,0.4286
GST_01304,China,1,0,0.0
GST_01305,France,5,1,0.2
GST_01306,UAE,2,2,1.0
GST_01307,France,3,0,0.0
GST_01308,Singapore,4,1,0.25
GST_01309,UK,5,3,0.6
GST_01310,Singapore,3,1,0.3333
GST_01311,Thailand,10,4,0.4
GST_01312,Korea,2,1,0.5
GST_01313,China,8,2,0.25
GST_01314,Singapore,5,0,0.0
GST_01315,Germany,1,1,1.0
GST_01316,Japan,9,4,0.4444
GST_01317,China,7,2,0.2857
GST_01318,France,5,1,0.2
GST_01319,Thailand,4,2,0.5
GST_01320,Thailand,7,2,0.2857
GST_01321,USA,6,1,0.1667
GST_01322,Thailand,6,3,0.5
GST_01323,UAE,1,0,0.0
GST_01324,USA,3,1,0.3333
GST_01325,Italy,2,1,0.5
GST_01326,UK,2,0,0.0
GST_01327,Thailand,8,2,0.25
GST_01328,India,7,2,0.2857
GST_01329,Japan,2,1,0.5
GST_01330,Germany,5,3,0.6
GST_01331,China,5,2,0.4
GST_01332,France,2,0,0.0
GST_01333,USA,1,0,0.0
GST_01334,Italy,3,0,0.0
GST_01335,Italy,4,1,0.25
GST_01336,Japan,8,2,0.25
GST_01337,Thailand,5,2,0.4
GST_01338,Japan,4,1,0.25
GST_01339,Thailand,6,0,0.0
GST_01340,Thailand,2,0,0.0
GST_01341,USA,5,1,0.2
GST_01342,Germany,3,1,0.3333
GST_01343,UAE,3,0,0.0
GST_01344,France,2,0,0.0
GST_01345,France,8,4,0.5
GST_01346,Germany,3,0,0.0
GST_01347,UK,4,2,0.5
GST_01348,UK,4,0,0.0
GST_01349,Italy,5,1,0.2
GST_01350,Thailand,3,0,0.0
GST_01351,UAE,2,1,0.5
GST_01352,Australia,4,3,0.75
GST_01353,Germany,3,1,0.3333
GST_01354,France,4,0,0.0
GST_01355,Germany,4,2,0.5
GST_01356,UAE,1,0,0.0
GST_01357,Korea,5,3,0.6
GST_01358,Germany,7,0,0.0
GST_01359,USA,3,1,0.3333
GST_01360,Australia,6,1,0.1667
GST_01361,Canada,7,1,0.1429
GST_01362,USA,6,1,0.1667
GST_01363,Australia,3,2,0.6667
GST_01364,Australia,2,0,0.0
GST_01365,France,3,2,0.6667
GST_01366,Thailand,8,4,0.5
GST_01367,France,3,2,0.6667
GST_01368,Korea,2,0,0.0
GST_01369,Thailand,3,0,0.0
GST_01370,USA,1,0,0.0
GST_01371,Italy,6,6,1.0
GST_01372,Thailand,4,1,0.25
GST_01373,UAE,4,1,0.25
GST_01374,Germany,4,2,0.5
GST_01375,USA,6,0,0.0
GST_01376,UAE,5,2,0.4
GST_01377,Germany,2,1,0.5
GST_01378,China,2,0,0.0
GST_01379,UK,2,2,1.0
GST_01380,Australia,5,0,0.0
GST_01381,Thailand,6,1,0.1667
GST_01382,UK,8,3,0.375
GST_01383,Netherlands,4,0,0.0
GST_01384,USA,6,2,0.3333
GST_01385,Japan,2,1,0.5
GST_01386,UK,0,0,0.0
GST_01387,India,3,0,0.0
GST_01388,Thailand,6,1,0.1667
GST_01389,Netherlands,3,2,0.6667
GST_01390,Germany,3,1,0.3333
GST_01391,USA,8,2,0.25
GST_01392,Thailand,4,0,0.0
GST_01393,Thailand,1,1,1.0
GST_01394,China,3,0,0.0
GST_01395,UK,6,1,0.1667
GST_01396,Singapore,3,1,0.3333
GST_01397,Germany,5,1,0.2
GST_01398,USA,4,0,0.0
GST_01399,Australia,5,1,0.2
GST_01400,France,2,0,0.0
GST_01401,Thailand,7,3,0.4286
GST_01402,Thailand,5,2,0.4
GST_01403,Thailand,1,1,1.0
GST_01404,France,11,5,0.4545
GST_01405,Japan,2,0,0.0
GST_01406,Germany,7,0,0.0
GST_01407,UAE,1,1,1.0
GST_01408,Singapore,3,1,0.3333
GST_01409,Australia,4,0,0.0
GST_01410,UAE,7,1,0.1429
GST_01411,USA,2,0,0.0
GST_01412,Thailand,5,1,0.2
GST_01413,USA,5,5,1.0
GST_01414,Thailand,2,1,0.5
GST_01415,China,3,3,1.0
GST_01416,Canada,2,0,0.0
GST_01417,Thailand,5,1,0.2
GST_01418,Thailand,2,2,1.0
GST_01419,Germany,4,0,0.0
GST_01420,Canada,6,3,0.5
GST_01421,USA,5,1,0.2
GST_01422,China,6,3,0.5
GST_01423,Thailand,5,2,0.4
GST_01424,Thailand,3,0,0.0
GST_01425,Italy,5,2,0.4
GST_01426,Netherlands,3,1,0.3333
GST_01427,Thailand,7,4,0.5714
GST_01428,Netherlands,0,0,0.0
GST_01429,Australia,4,2,0.5
GST_01430,UAE,2,0,0.0
GST_01431,Germany,2,1,0.5
GST_01432,China,4,0,0.0
GST_01433,Germany,7,0,0.0
GST_01434,Japan,7,1,0.1429
GST_01435,Thailand,4,0,0.0
GST_01436,Thailand,3,1,0.3333
GST_01437,USA,7,1,0.1429
GST_01438,France,4,0,0.0
GST_01439,USA,2,0,0.0
GST_01440,Japan,4,2,0.5
GST_01441,Netherlands,5,2,0.4
GST_01442,Thailand,0,0,0.0
GST_01443,Japan,6,0,0.0
GST_01444,Germany,2,0,0.0
GST_01445,UAE,3,1,0.3333
GST_01446,Thailand,3,1,0.3333
GST_01447,Japan,5,1,0.2
GST_01448,Singapore,3,1,0.3333
GST_01449,Netherlands,2,0,0.0
GST_01450,Japan,3,0,0.0
GST_01451,Germany,4,0,0.0
GST_01452,Australia,3,1,0.3333
GST_01453,UAE,3,1,0.3333
GST_01454,Australia,0,0,0.0
GST_01455,Thailand,1,1,1.0
GST_01456,Canada,1,0,0.0
GST_01457,Japan,1,0,0.0
GST_01458,Japan,4,1,0.25
GST_01459,USA,7,0,0.0
GST_01460,Japan,6,2,0.3333
GST_01461,UK,11,3,0.2727
GST_01462,Japan,4,1,0.25
GST_01463,Thailand,6,3,0.5
GST_01464,Japan,2,0,0.0
GST_01465,Italy,5,0,0.0
GST_01466,Thailand,6,1,0.1667
GST_01467,Italy,7,0,0.0
GST_01468,UK,3,1,0.3333
GST_01469,UAE,5,2,0.4
GST_01470,India,5,1,0.2
GST_01471,China,6,1,0.1667
GST_01472,France,3,1,0.3333
GST_01473,UAE,6,2,0.3333
GST_01474,UK,6,1,0.1667
GST_01475,UK,2,0,0.0
GST_01476,Japan,3,2,0.6667
GST_01477,Singapore,3,0,0.0
GST_01478,India,5,2,0.4
GST_01479,India,9,4,0.4444
GST_01480,Germany,6,1,0.1667
GST_01481,Singapore,5,1,0.2
GST_01482,Thailand,2,0,0.0
GST_01483,China,3,1,0.3333
GST_01484,Thailand,3,2,0.6667
GST_01485,UK,3,1,0.3333
GST_01486,UK,2,0,0.0
GST_01487,UK,4,2,0.5
GST_01488,Japan,4,0,0.0
GST_01489,UK,1,0,0.0
GST_01490,Germany,5,4,0.8
GST_01491,USA,5,2,0.4
GST_01492,UK,6,1,0.1667
GST_01493,USA,6,2,0.3333
GST_01494,Thailand,4,1,0.25
GST_01495,Australia,5,0,0.0
GST_01496,Japan,2,1,0.5
GST_01497,Australia,3,1,0.3333
GST_01498,Germany,6,1,0.1667
GST_01499,UK,2,1,0.5
GST_01500,UAE,3,1,0.3333
GST_01501,China,3,1,0.3333
GST_01502,Germany,5,3,0.6
GST_01503,Thailand,6,4,0.6667
GST_01504,UK,5,2,0.4
GST_01505,UK,3,0,0.0
GST_01506,UK,7,6,0.8571
GST_01507,Australia,5,3,0.6
GST_01508,China,5,1,0.2
GST_01509,Australia,5,2,0.4
GST_01510,India,3,0,0.0
GST_01511,Singapore,3,2,0.6667
GST_01512,France,4,2,0.5
GST_01513,Netherlands,0,0,0.0
GST_01514,Thailand,8,4,0.5
GST_01515,Thailand,0,0,0.0
GST_01516,Thailand,4,1,0.25
GST_01517,Japan,9,6,0.6667
GST_01518,Korea,4,0,0.0
GST_01519,USA,2,0,0.0
GST_01520,Canada,3,0,0.0
GST_01521,Thailand,2,1,0.5
GST_01522,Canada,1,0,0.0
GST_01523,UK,6,0,0.0
GST_01524,Thailand,5,0,0.0
GST_01525,Germany,3,0,0.0
GST_01526,USA,7,3,0.4286
GST_01527,USA,4,2,0.5
GST_01528,USA,2,1,0.5
GST_01529,Singapore,4,2,0.5
GST_01530,China,4,0,0.0
GST_01531,USA,4,3,0.75
GST_01532,Australia,5,2,0.4
GST_01533,France,5,0,0.0
GST_01534,USA,6,3,0.5
GST_01535,UK,6,1,0.1667
GST_01536,Thailand,3,1,0.3333
GST_01537,Thailand,4,1,0.25
GST_01538,Japan,6,1,0.1667
GST_01539,Thailand,5,2,0.4
GST_01540,China,5,2,0.4
GST_01541,France,2,1,0.5
GST_01542,Thailand,4,1,0.25
GST_01543,China,6,2,0.3333
GST_01544,USA,4,2,0.5
GST_01545,Netherlands,3,2,0.6667
GST_01546,Germany,4,1,0.25
GST_01547,Singapore,6,1,0.1667
GST_01548,China,3,0,0.0
GST_01549,Thailand,4,0,0.0
GST_01550,Australia,2,1,0.5
GST_01551,Netherlands,2,2,1.0
GST_01552,Australia,2,2,1.0
GST_01553,Singapore,5,1,0.2
GST_01554,Korea,11,4,0.3636
GST_01555,USA,2,0,0.0
GST_01556,USA,5,2,0.4
GST_01557,Australia,3,1,0.3333
GST_01558,UK,3,2,0.6667
GST_01559,Singapore,2,0,0.0
GST_01560,Korea,2,1,0.5
GST_01561,UK,5,3,0.6
GST_01562,USA,7,1,0.1429
GST_01563,India,5,2,0.4
GST_01564,USA,6,2,0.3333
GST_01565,Singapore,4,2,0.5
GST_01566,Germany,3,1,0.3333
GST_01567,Japan,8,2,0.25
GST_01568,Thailand,4,1,0.25
GST_01569,Australia,6,3,0.5
GST_01570,Germany,2,0,0.0
GST_01571,Australia,5,3,0.6
GST_01572,Thailand,3,2,0.6667
GST_01573,France,1,1,1.0
GST_01574,UAE,2,1,0.5
GST_01575,USA,1,0,0.0
GST_01576,Thailand,5,2,0.4
GST_01577,Thailand,6,3,0.5
GST_01578,Japan,4,1,0.25
GST_01579,Australia,5,2,0.4
GST_01580,China,5,2,0.4
GST_01581,USA,5,3,0.6
GST_01582,UK,5,1,0.2
GST_01583,Australia,3,0,0.0
GST_01584,Germany,4,1,0.25
GST_01585,Italy,2,1,0.5
GST_01586,Thailand,2,2,1.0
GST_01587,Japan,6,3,0.5
GST_01588,UK,1,0,0.0
GST_01589,Germany,3,0,0.0
GST_01590,France,3,1,0.3333
GST_01591,Japan,5,2,0.4
GST_01592,Italy,4,1,0.25
GST_01593,Thailand,4,0,0.0
GST_01594,Thailand,6,1,0.1667
GST_01595,France,3,0,0.0
GST_01596,Australia,3,1,0.3333
GST_01597,USA,7,3,0.4286
GST_01598,Thailand,6,0,0.0
GST_01599,Thailand,8,5,0.625
GST_01600,Korea,3,2,0.6667
GST_01601,Thailand,4,1,0.25
GST_01602,UK,5,1,0.2
GST_01603,USA,4,2,0.5
GST_01604,UK,2,1,0.5
GST_01605,Thailand,6,0,0.0
GST_01606,China,3,0,0.0
GST_01607,Thailand,4,1,0.25
GST_01608,Singapore,3,0,0.0
GST_01609,USA,3,2,0.6667
GST_01610,China,2,0,0.0
GST_01611,Korea,8,2,0.25
GST_01612,Japan,1,0,0.0
GST_01613,China,4,1,0.25
GST_01614,UK,6,1,0.1667
GST_01615,UK,3,0,0.0
GST_01616,Japan,4,1,0.25
GST_01617,Italy,7,4,0.5714
GST_01618,Japan,5,1,0.2
GST_01619,China,2,1,0.5
GST_01620,France,5,2,0.4
GST_01621,Germany,6,2,0.3333
GST_01622,Thailand,3,0,0.0
GST_01623,China,5,1,0.2
GST_01624,Netherlands,5,0,0.0
GST_01625,Thailand,5,3,0.6
GST_01626,Japan,8,2,0.25
GST_01627,USA,2,0,0.0
GST_01628,China,3,3,1.0
GST_01629,Thailand,2,0,0.0
GST_01630,Germany,4,2,0.5
GST_01631,India,4,2,0.5
GST_01632,UK,1,0,0.0
GST_01633,Japan,5,1,0.2
GST_01634,India,3,2,0.6667
GST_01635,Canada,6,2,0.3333
GST_01636,USA,3,2,0.6667
GST_01637,UK,3,1,0.3333
GST_01638,Thailand,4,1,0.25
GST_01639,Italy,5,2,0.4
GST_01640,Canada,6,2,0.3333
GST_01641,China,2,0,0.0
GST_01642,UAE,4,1,0.25
GST_01643,China,3,0,0.0
GST_01644,Australia,4,1,0.25
GST_01645,Thailand,4,1,0.25
GST_01646,India,2,0,0.0
GST_01647,Thailand,6,2,0.3333
GST_01648,Singapore,5,3,0.6
GST_01649,India,2,2,1.0
GST_01650,France,4,0,0.0
GST_01651,Thailand,5,2,0.4
GST_01652,USA,5,1,0.2
GST_01653,USA,1,1,1.0
GST_01654,UK,3,1,0.3333
GST_01655,Thailand,5,1,0.2
GST_01656,Canada,3,1,0.3333
GST_01657,China,3,1,0.3333
GST_01658,USA,6,3,0.5
GST_01659,UK,5,2,0.4
GST_01660,Germany,3,3,1.0
GST_01661,Australia,4,4,1.0
GST_01662,China,0,0,0.0
GST_01663,Canada,1,1,1.0
GST_01664,Germany,3,1,0.3333
GST_01665,Italy,4,1,0.25
GST_01666,UAE,3,1,0.3333
GST_01667,USA,3,1,0.3333
GST_01668,Canada,3,2,0.6667
GST_01669,Thailand,2,1,0.5
GST_01670,Singapore,3,2,0.6667
GST_01671,UK,3,1,0.3333
GST_01672,UAE,3,1,0.3333
GST_01673,UAE,5,1,0.2
GST_01674,Singapore,3,2,0.6667
GST_01675,India,3,1,0.3333
GST_01676,USA,5,1,0.2
GST_01677,Thailand,6,1,0.1667
GST_01678,UK,3,1,0.3333
GST_01679,Thailand,1,0,0.0
GST_01680,Japan,5,2,0.4
GST_01681,UK,5,2,0.4
GST_01682,Italy,4,0,0.0
GST_01683,Japan,2,1,0.5
GST_01684,Singapore,4,1,0.25
GST_01685,Thailand,2,1,0.5
GST_01686,UAE,8,2,0.25
GST_01687,Canada,3,1,0.3333
GST_01688,Germany,0,0,0.0
GST_01689,Australia,5,1,0.2
GST_01690,India,4,1,0.25
GST_01691,Thailand,4,1,0.25
GST_01692,China,3,2,0.6667
GST_01693,UK,4,1,0.25
GST_01694,Thailand,3,0,0.0
GST_01695,UK,7,1,0.1429
GST_01696,Thailand,3,1,0.3333
GST_01697,Thailand,3,0,0.0
GST_01698,Thailand,3,1,0.3333
GST_01699,Netherlands,4,1,0.25
GST_01700,China,3,2,0.6667
GST_01701,Netherlands,4,0,0.0
GST_01702,Germany,6,3,0.5
GST_01703,USA,10,5,0.5
GST_01704,China,3,1,0.3333
GST_01705,Germany,2,1,0.5
GST_01706,Thailand,9,2,0.2222
GST_01707,Japan,2,1,0.5
GST_01708,USA,5,2,0.4
GST_01709,Australia,3,2,0.6667
GST_01710,Japan,4,1,0.25
GST_01711,Thailand,3,1,0.3333
GST_01712,Thailand,2,2,1.0
GST_01713,India,2,1,0.5
GST_01714,Germany,4,1,0.25
GST_01715,Thailand,3,1,0.3333
GST_01716,Italy,6,1,0.1667
GST_01717,Thailand,9,3,0.3333
GST_01718,Japan,3,0,0.0
GST_01719,Italy,3,1,0.3333
GST_01720,USA,1,0,0.0
GST_01721,Thailand,7,1,0.1429
GST_01722,Thailand,2,1,0.5
GST_01723,USA,4,0,0.0
GST_01724,Thailand,5,1,0.2
GST_01725,Japan,5,1,0.2
GST_01726,Thailand,5,1,0.2
GST_01727,China,6,3,0.5
GST_01728,Italy,5,2,0.4
GST_01729,Singapore,5,1,0.2
GST_01730,Australia,8,0,0.0
GST_01731,USA,7,3,0.4286
GST_01732,Australia,1,0,0.0
GST_01733,China,1,0,0.0
GST_01734,Germany,6,4,0.6667
GST_01735,Thailand,3,2,0.6667
GST_01736,Korea,8,3,0.375
GST_01737,Germany,2,1,0.5
GST_01738,Thailand,7,3,0.4286
GST_01739,UK,5,1,0.2
GST_01740,UK,4,4,1.0
GST_01741,Singapore,2,1,0.5
GST_01742,France,7,1,0.1429
GST_01743,India,3,2,0.6667
GST_01744,Thailand,5,2,0.4
GST_01745,UK,6,3,0.5
GST_01746,Germany,3,1,0.3333
GST_01747,Thailand,5,2,0.4
GST_01748,USA,3,1,0.3333
GST_01749,India,8,4,0.5
GST_01750,Thailand,4,2,0.5
GST_01751,China,7,1,0.1429
GST_01752,USA,1,0,0.0
GST_01753,Thailand,4,3,0.75
GST_01754,USA,3,1,0.3333
GST_01755,Italy,3,0,0.0
GST_01756,Singapore,3,1,0.3333
GST_01757,Netherlands,5,3,0.6
GST_01758,Germany,7,1,0.1429
GST_01759,Thailand,2,0,0.0
GST_01760,China,4,1,0.25
GST_01761,Germany,5,0,0.0
GST_01762,UAE,2,2,1.0
GST_01763,Thailand,8,2,0.25
GST_01764,Germany,5,1,0.2
GST_01765,Thailand,3,1,0.3333
GST_01766,UK,7,2,0.2857
GST_01767,France,7,3,0.4286
GST_01768,Germany,4,2,0.5
GST_01769,UK,2,1,0.5
GST_01770,UK,4,0,0.0
GST_01771,Germany,4,0,0.0
GST_01772,India,2,1,0.5
GST_01773,Korea,2,0,0.0
GST_01774,Netherlands,4,1,0.25
GST_01775,India,6,3,0.5
GST_01776,USA,0,0,0.0
GST_01777,Japan,2,1,0.5
GST_01778,Germany,3,1,0.3333
GST_01779,USA,4,1,0.25
GST_01780,UAE,2,0,0.0
GST_01781,Thailand,2,1,0.5
GST_01782,Korea,2,0,0.0
GST_01783,Germany,3,1,0.3333
GST_01784,Australia,2,0,0.0
GST_01785,Japan,1,0,0.0
GST_01786,Korea,0,0,0.0
GST_01787,Australia,2,0,0.0
GST_01788,Australia,3,2,0.6667
GST_01789,Thailand,4,3,0.75
GST_01790,China,7,4,0.5714
GST_01791,Thailand,6,3,0.5
GST_01792,France,2,0,0.0
GST_01793,China,4,2,0.5
GST_01794,Japan,1,1,1.0
GST_01795,Thailand,3,2,0.6667
GST_01796,Thailand,4,1,0.25
GST_01797,France,7,4,0.5714
GST_01798,Thailand,2,0,0.0
GST_01799,Thailand,3,1,0.3333
GST_01800,Thailand,2,1,0.5
GST_01801,Netherlands,5,1,0.2
GST_01802,France,3,1,0.3333
GST_01803,UK,3,1,0.3333
GST_01804,USA,1,0,0.0
GST_01805,UK,2,1,0.5
GST_01806,India,3,2,0.6667
GST_01807,Japan,3,1,0.3333
GST_01808,Thailand,4,1,0.25
GST_01809,Thailand,3,1,0.3333
GST_01810,Thailand,3,0,0.0
GST_01811,Japan,3,2,0.6667
GST_01812,India,3,2,0.6667
GST_01813,USA,3,1,0.3333
GST_01814,Thailand,9,4,0.4444
GST_01815,Thailand,2,1,0.5
GST_01816,Netherlands,3,1,0.3333
GST_01817,USA,5,2,0.4
GST_01818,India,6,6,1.0
GST_01819,Australia,9,3,0.3333
GST_01820,UK,5,2,0.4
GST_01821,USA,2,0,0.0
GST_01822,Thailand,6,1,0.1667
GST_01823,Australia,6,1,0.1667
GST_01824,India,2,1,0.5
GST_01825,Japan,5,3,0.6
GST_01826,China,4,0,0.0
GST_01827,Thailand,2,1,0.5
GST_01828,Netherlands,3,2,0.6667
GST_01829,India,2,1,0.5
GST_01830,USA,1,1,1.0
GST_01831,Italy,3,0,0.0
GST_01832,Australia,7,1,0.1429
GST_01833,Australia,4,1,0.25
GST_01834,France,4,2,0.5
GST_01835,Singapore,4,2,0.5
GST_01836,Japan,3,2,0.6667
GST_01837,Thailand,7,3,0.4286
GST_01838,UK,7,3,0.4286
GST_01839,Canada,7,1,0.1429
GST_01840,USA,3,0,0.0
GST_01841,UK,4,1,0.25
GST_01842,Germany,5,0,0.0
GST_01843,Germany,2,0,0.0
GST_01844,Australia,3,2,0.6667
GST_01845,Netherlands,3,1,0.3333
GST_01846,USA,4,2,0.5
GST_01847,Thailand,7,2,0.2857
GST_01848,Thailand,3,1,0.3333
GST_01849,Korea,3,2,0.6667
GST_01850,Japan,5,0,0.0
GST_01851,USA,2,1,0.5
GST_01852,Singapore,5,5,1.0
GST_01853,UAE,2,2,1.0
GST_01854,UAE,6,6,1.0
GST_01855,Canada,6,2,0.3333
GST_01856,USA,5,2,0.4
GST_01857,India,0,0,0.0
GST_01858,Germany,4,0,0.0
GST_01859,UAE,5,1,0.2
GST_01860,France,2,1,0.5
GST_01861,India,5,2,0.4
GST_01862,Japan,6,1,0.1667
GST_01863,Thailand,3,2,0.6667
GST_01864,China,6,3,0.5
GST_01865,Italy,2,0,0.0
GST_01866,Canada,3,2,0.6667
GST_01867,Thailand,2,1,0.5
GST_01868,Thailand,4,1,0.25
GST_01869,Thailand,6,1,0.1667
GST_01870,France,3,1,0.3333
GST_01871,Singapore,2,1,0.5
GST_01872,USA,5,1,0.2
GST_01873,China,5,1,0.2
GST_01874,UAE,9,3,0.3333
GST_01875,France,5,3,0.6
GST_01876,China,8,2,0.25
GST_01877,Australia,5,0,0.0
GST_01878,China,4,2,0.5
GST_01879,USA,3,2,0.6667
GST_01880,China,1,0,0.0
GST_01881,Japan,5,1,0.2
GST_01882,UAE,5,2,0.4
GST_01883,Australia,3,0,0.0
GST_01884,India,4,1,0.25
GST_01885,Thailand,3,1,0.3333
GST_01886,Germany,2,0,0.0
GST_01887,Thailand,5,1,0.2
GST_01888,USA,1,1,1.0
GST_01889,France,8,3,0.375
GST_01890,Italy,4,3,0.75
GST_01891,Thailand,5,1,0.2
GST_01892,UK,2,0,0.0
GST_01893,Singapore,8,2,0.25
GST_01894,USA,1,1,1.0
GST_01895,China,3,0,0.0
GST_01896,France,5,2,0.4
GST_01897,Australia,5,2,0.4
GST_01898,Thailand,5,0,0.0
GST_01899,UK,2,0,0.0
GST_01900,India,3,1,0.3333
GST_01901,China,3,0,0.0
GST_01902,Thailand,3,0,0.0
GST_01903,India,4,0,0.0
GST_01904,Thailand,8,4,0.5
GST_01905,France,3,0,0.0
GST_01906,USA,1,0,0.0
GST_01907,Netherlands,3,1,0.3333
GST_01908,UK,2,1,0.5
GST_01909,UK,8,2,0.25
GST_01910,Thailand,6,0,0.0
GST_01911,USA,6,2,0.3333
GST_01912,UAE,5,1,0.2
GST_01913,Italy,3,0,0.0
GST_01914,UK,4,1,0.25
GST_01915,Germany,2,1,0.5
GST_01916,France,4,1,0.25
GST_01917,Korea,2,0,0.0
GST_01918,Australia,2,0,0.0
GST_01919,UK,2,0,0.0
GST_01920,UK,8,2,0.25
GST_01921,Japan,4,1,0.25
GST_01922,Thailand,7,2,0.2857
GST_01923,Australia,2,1,0.5
GST_01924,UK,6,2,0.3333
GST_01925,India,1,0,0.0
GST_01926,Thailand,6,2,0.3333
GST_01927,Australia,5,1,0.2
GST_01928,Germany,6,1,0.1667
GST_01929,Japan,3,2,0.6667
GST_01930,Thailand,2,1,0.5
GST_01931,Australia,8,2,0.25
GST_01932,China,4,1,0.25
GST_01933,China,4,2,0.5
GST_01934,Australia,2,0,0.0
GST_01935,Japan,2,1,0.5
GST_01936,Singapore,3,1,0.3333
GST_01937,USA,2,1,0.5
GST_01938,Singapore,6,2,0.3333
GST_01939,Germany,5,1,0.2
GST_01940,Thailand,2,2,1.0
GST_01941,Thailand,4,2,0.5
GST_01942,UK,3,2,0.6667
GST_01943,India,4,1,0.25
GST_01944,France,3,2,0.6667
GST_01945,India,3,1,0.3333
GST_01946,China,2,0,0.0
GST_01947,Germany,6,2,0.3333
GST_01948,Thailand,2,0,0.0
GST_01949,UK,4,1,0.25
GST_01950,Germany,4,1,0.25
GST_01951,Thailand,4,0,0.0
GST_01952,USA,5,3,0.6
GST_01953,Australia,5,3,0.6
GST_01954,France,6,3,0.5
GST_01955,Italy,2,0,0.0
GST_01956,Canada,7,3,0.4286
GST_01957,Japan,5,3,0.6
GST_01958,Germany,2,0,0.0
GST_01959,Australia,6,2,0.3333
GST_01960,India,6,2,0.3333
GST_01961,Thailand,2,0,0.0
GST_01962,UK,3,0,0.0
GST_01963,Singapore,2,0,0.0
GST_01964,UK,6,1,0.1667
GST_01965,Australia,7,0,0.0
GST_01966,Australia,6,5,0.8333
GST_01967,Thailand,2,0,0.0
GST_01968,UK,6,4,0.6667
GST_01969,UK,4,0,0.0
GST_01970,Thailand,3,0,0.0
GST_01971,Thailand,3,0,0.0
GST_01972,Singapore,8,8,1.0
GST_01973,USA,5,3,0.6
GST_01974,China,9,2,0.2222
GST_01975,USA,8,2,0.25
GST_01976,Netherlands,6,1,0.1667
GST_01977,USA,6,1,0.1667
GST_01978,Germany,6,3,0.5
GST_01979,UAE,5,1,0.2
GST_01980,UAE,6,1,0.1667
GST_01981,Thailand,8,2,0.25
GST_01982,Singapore,3,0,0.0
GST_01983,Germany,2,0,0.0
GST_01984,Germany,8,2,0.25
GST_01985,Thailand,7,5,0.7143
GST_01986,Thailand,7,1,0.1429
GST_01987,France,7,2,0.2857
GST_01988,Germany,7,4,0.5714
GST_01989,Germany,3,2,0.6667
GST_01990,France,1,0,0.0
GST_01991,India,0,0,0.0
GST_01992,Thailand,1,1,1.0
GST_01993,Australia,2,0,0.0
GST_01994,Thailand,2,0,0.0
GST_01995,India,5,0,0.0
GST_01996,Japan,5,1,0.2
GST_01997,Netherlands,2,1,0.5
GST_01998,Thailand,1,0,0.0
GST_01999,Thailand,6,1,0.1667
GST_02000,USA,4,3,0.75
GST_02001,USA,9,6,0.6667
GST_02002,USA,2,2,1.0
GST_02003,Korea,3,1,0.3333
GST_02004,USA,3,1,0.3333
GST_02005,USA,1,0,0.0
GST_02006,India,4,1,0.25
GST_02007,Germany,1,1,1.0
GST_02008,India,4,1,0.25
GST_02009,Thailand,2,0,0.0
GST_02010,Germany,4,2,0.5
GST_02011,Thailand,3,1,0.3333
GST_02012,Thailand,7,3,0.4286
GST_02013,Korea,6,3,0.5
GST_02014,Thailand,3,0,0.0
GST_02015,China,3,1,0.3333
GST_02016,UK,3,0,0.0
GST_02017,UK,3,0,0.0
GST_02018,Korea,3,1,0.3333
GST_02019,Thailand,4,2,0.5
GST_02020,Japan,7,4,0.5714
GST_02021,Netherlands,2,1,0.5
GST_02022,China,7,1,0.1429
GST_02023,Canada,3,0,0.0
GST_02024,Thailand,3,0,0.0
GST_02025,UK,7,0,0.0
GST_02026,USA,8,3,0.375
GST_02027,France,4,1,0.25
GST_02028,Italy,3,0,0.0
GST_02029,USA,4,2,0.5
GST_02030,Japan,1,0,0.0
GST_02031,Thailand,6,1,0.1667
GST_02032,China,8,1,0.125
GST_02033,Germany,4,1,0.25
GST_02034,Italy,2,1,0.5
GST_02035,Australia,6,1,0.1667
GST_02036,UK,8,2,0.25
GST_02037,Thailand,1,0,0.0
GST_02038,Thailand,4,1,0.25
GST_02039,USA,8,4,0.5
GST_02040,USA,8,2,0.25
GST_02041,UAE,5,2,0.4
GST_02042,China,4,1,0.25
GST_02043,China,4,2,0.5
GST_02044,Thailand,5,0,0.0
GST_02045,UAE,4,3,0.75
GST_02046,France,4,2,0.5
GST_02047,Thailand,5,1,0.2
GST_02048,France,1,0,0.0
GST_02049,China,3,1,0.3333
GST_02050,Thailand,6,2,0.3333
GST_02051,Germany,3,1,0.3333
GST_02052,Germany,1,0,0.0
GST_02053,Thailand,1,0,0.0
GST_02054,Netherlands,2,1,0.5
GST_02055,UAE,4,2,0.5
GST_02056,Japan,3,1,0.3333
GST_02057,Germany,8,3,0.375
GST_02058,UK,5,0,0.0
GST_02059,Japan,2,1,0.5
GST_02060,China,5,2,0.4
GST_02061,Thailand,6,3,0.5
GST_02062,China,4,1,0.25
GST_02063,Singapore,1,1,1.0
GST_02064,Germany,3,2,0.6667
GST_02065,Thailand,6,2,0.3333
GST_02066,India,3,0,0.0
GST_02067,USA,1,1,1.0
GST_02068,USA,2,0,0.0
GST_02069,Thailand,5,3,0.6
GST_02070,UK,7,2,0.2857
GST_02071,India,3,1,0.3333
GST_02072,China,1,0,0.0
GST_02073,USA,6,1,0.1667
GST_02074,UAE,7,2,0.2857
GST_02075,UAE,4,1,0.25
GST_02076,UAE,5,1,0.2
GST_02077,USA,4,0,0.0
GST_02078,Germany,4,3,0.75
GST_02079,Italy,4,4,1.0
GST_02080,India,7,2,0.2857
GST_02081,Thailand,3,0,0.0
GST_02082,Thailand,4,1,0.25
GST_02083,Germany,1,0,0.0
GST_02084,Korea,6,2,0.3333
GST_02085,China,5,1,0.2
GST_02086,Germany,1,0,0.0
GST_02087,Thailand,4,2,0.5
GST_02088,Japan,4,0,0.0
GST_02089,Singapore,3,1,0.3333
GST_02090,UK,3,3,1.0
GST_02091,India,12,4,0.3333
GST_02092,Netherlands,3,0,0.0
GST_02093,USA,1,1,1.0
GST_02094,China,2,0,0.0
GST_02095,USA,5,3,0.6
GST_02096,India,6,2,0.3333
GST_02097,Australia,5,1,0.2
GST_02098,Australia,2,0,0.0
GST_02099,India,7,3,0.4286
GST_02100,UK,5,1,0.2
GST_02101,Canada,3,2,0.6667
GST_02102,China,5,1,0.2
GST_02103,Thailand,4,0,0.0
GST_02104,Japan,5,1,0.2
GST_02105,India,4,2,0.5
GST_02106,USA,5,2,0.4
GST_02107,UAE,3,0,0.0
GST_02108,Korea,5,2,0.4
GST_02109,USA,4,1,0.25
GST_02110,Italy,6,1,0.1667
GST_02111,Thailand,6,3,0.5
GST_02112,USA,3,2,0.6667
GST_02113,Thailand,4,0,0.0
GST_02114,Korea,4,1,0.25
GST_02115,Japan,2,0,0.0
GST_02116,Thailand,2,1,0.5
GST_02117,Germany,6,1,0.1667
GST_02118,Australia,6,3,0.5
GST_02119,Thailand,5,0,0.0
GST_02120,Korea,3,0,0.0
GST_02121,Singapore,1,0,0.0
GST_02122,China,1,0,0.0
GST_02123,Netherlands,9,5,0.5556
GST_02124,UK,4,1,0.25
GST_02125,Italy,6,1,0.1667
GST_02126,Japan,4,1,0.25
GST_02127,Australia,3,0,0.0
GST_02128,Thailand,2,0,0.0
GST_02129,Korea,1,0,0.0
GST_02130,Germany,3,2,0.6667
GST_02131,Thailand,4,1,0.25
GST_02132,Thailand,7,5,0.7143
GST_02133,China,3,1,0.3333
GST_02134,China,2,1,0.5
GST_02135,France,2,0,0.0
GST_02136,Korea,3,0,0.0
GST_02137,Thailand,2,1,0.5
GST_02138,France,4,0,0.0
GST_02139,Thailand,1,1,1.0
GST_02140,UAE,4,2,0.5
GST_02141,Singapore,6,3,0.5
GST_02142,China,3,1,0.3333
GST_02143,France,5,0,0.0
GST_02144,USA,4,1,0.25
GST_02145,Germany,4,0,0.0
GST_02146,Singapore,1,1,1.0
GST_02147,Germany,1,1,1.0
GST_02148,UK,5,1,0.2
GST_02149,Germany,2,2,1.0
GST_02150,Singapore,3,1,0.3333
GST_02151,UK,4,2,0.5
GST_02152,Thailand,1,0,0.0
GST_02153,France,4,2,0.5
GST_02154,Singapore,2,0,0.0
GST_02155,Thailand,7,2,0.2857
GST_02156,USA,6,0,0.0
GST_02157,Thailand,2,2,1.0
GST_02158,UK,3,0,0.0
GST_02159,Germany,3,0,0.0
GST_02160,France,7,4,0.5714
GST_02161,Japan,6,2,0.3333
GST_02162,Australia,3,2,0.6667
GST_02163,UK,5,1,0.2
GST_02164,UAE,3,0,0.0
GST_02165,Germany,6,2,0.3333
GST_02166,Italy,5,2,0.4
GST_02167,Australia,4,0,0.0
GST_02168,Thailand,1,0,0.0
GST_02169,Japan,0,0,0.0
GST_02170,UK,4,1,0.25
GST_02171,Japan,2,1,0.5
GST_02172,Thailand,6,1,0.1667
GST_02173,Thailand,5,1,0.2
GST_02174,UAE,2,1,0.5
GST_02175,USA,3,0,0.0
GST_02176,Singapore,4,0,0.0
GST_02177,USA,9,5,0.5556
GST_02178,Japan,3,0,0.0
GST_02179,Japan,1,1,1.0
GST_02180,China,3,2,0.6667
GST_02181,USA,5,1,0.2
GST_02182,USA,3,3,1.0
GST_02183,Thailand,2,1,0.5
GST_02184,USA,3,1,0.3333
GST_02185,Japan,0,0,0.0
GST_02186,Canada,4,3,0.75
GST_02187,UAE,3,0,0.0
GST_02188,India,7,2,0.2857
GST_02189,India,2,0,0.0
GST_02190,Japan,1,0,0.0
GST_02191,USA,3,1,0.3333
GST_02192,Korea,4,2,0.5
GST_02193,Japan,2,0,0.0
GST_02194,China,5,1,0.2
GST_02195,Thailand,3,0,0.0
GST_02196,Germany,4,0,0.0
GST_02197,Germany,6,2,0.3333
GST_02198,UAE,4,2,0.5
GST_02199,China,5,0,0.0
GST_02200,UK,5,1,0.2
GST_02201,Italy,5,0,0.0
GST_02202,Thailand,6,3,0.5
GST_02203,Germany,2,1,0.5
GST_02204,Thailand,1,0,0.0
GST_02205,France,3,0,0.0
GST_02206,Canada,5,0,0.0
GST_02207,USA,5,1,0.2
GST_02208,UAE,1,1,1.0
GST_02209,USA,3,1,0.3333
GST_02210,Canada,5,2,0.4
GST_02211,India,3,2,0.6667
GST_02212,Singapore,4,1,0.25
GST_02213,Thailand,6,3,0.5
GST_02214,Netherlands,3,2,0.6667
GST_02215,France,1,1,1.0
GST_02216,USA,3,0,0.0
GST_02217,Singapore,2,0,0.0
GST_02218,USA,2,0,0.0
GST_02219,UAE,3,1,0.3333
GST_02220,Thailand,4,1,0.25
GST_02221,France,4,1,0.25
GST_02222,China,3,3,1.0
GST_02223,Thailand,2,0,0.0
GST_02224,USA,3,1,0.3333
GST_02225,Thailand,1,0,0.0
GST_02226,Germany,4,1,0.25
GST_02227,USA,6,1,0.1667
GST_02228,Australia,6,2,0.3333
GST_02229,USA,2,1,0.5
GST_02230,USA,6,1,0.1667
GST_02231,France,6,3,0.5
GST_02232,Thailand,5,2,0.4
GST_02233,Korea,8,2,0.25
GST_02234,UAE,5,2,0.4
GST_02235,Japan,6,2,0.3333
GST_02236,Australia,2,0,0.0
GST_02237,Korea,3,0,0.0
GST_02238,Thailand,4,0,0.0
GST_02239,Thailand,2,1,0.5
GST_02240,USA,3,0,0.0
GST_02241,India,7,3,0.4286
GST_02242,Thailand,4,2,0.5
GST_02243,Australia,3,2,0.6667
GST_02244,Italy,2,0,0.0
GST_02245,UAE,3,2,0.6667
GST_02246,China,2,0,0.0
GST_02247,Thailand,4,1,0.25
GST_02248,Singapore,2,1,0.5
GST_02249,Australia,7,3,0.4286
GST_02250,Thailand,2,0,0.0
GST_02251,Thailand,2,0,0.0
GST_02252,Korea,3,1,0.3333
GST_02253,Japan,4,1,0.25
GST_02254,Singapore,5,1,0.2
GST_02255,UAE,4,1,0.25
GST_02256,Australia,3,1,0.3333
GST_02257,China,5,1,0.2
GST_02258,Germany,4,2,0.5
GST_02259,USA,5,2,0.4
GST_02260,Germany,6,2,0.3333
GST_02261,India,2,1,0.5
GST_02262,Australia,3,2,0.6667
GST_02263,Korea,10,2,0.2
GST_02264,Germany,6,1,0.1667
GST_02265,Australia,4,0,0.0
GST_02266,Australia,2,1,0.5
GST_02267,Australia,1,0,0.0
GST_02268,France,3,2,0.6667
GST_02269,USA,4,1,0.25
GST_02270,China,7,3,0.4286
GST_02271,Thailand,4,1,0.25
GST_02272,UK,5,1,0.2
GST_02273,Germany,5,1,0.2
GST_02274,Japan,5,1,0.2
GST_02275,Netherlands,3,1,0.3333
GST_02276,Australia,7,4,0.5714
GST_02277,France,4,1,0.25
GST_02278,China,7,5,0.7143
GST_02279,Australia,3,0,0.0
GST_02280,Thailand,4,0,0.0
GST_02281,USA,2,0,0.0
GST_02282,UK,6,4,0.6667
GST_02283,Germany,3,1,0.3333
GST_02284,Thailand,5,1,0.2
GST_02285,Thailand,5,1,0.2
GST_02286,USA,3,2,0.6667
GST_02287,Italy,8,2,0.25
GST_02288,UK,3,1,0.3333
GST_02289,Germany,1,1,1.0
GST_02290,Thailand,2,1,0.5
GST_02291,Australia,5,2,0.4
GST_02292,USA,6,3,0.5
GST_02293,USA,7,3,0.4286
GST_02294,China,5,3,0.6
GST_02295,Thailand,3,1,0.3333
GST_02296,Thailand,3,0,0.0
GST_02297,USA,4,2,0.5
GST_02298,Thailand,4,0,0.0
GST_02299,Thailand,5,1,0.2
GST_02300,UK,6,3,0.5
GST_02301,Singapore,2,1,0.5
GST_02302,Australia,8,0,0.0
GST_02303,China,9,6,0.6667
GST_02304,USA,2,0,0.0
GST_02305,Canada,4,2,0.5
GST_02306,UK,4,2,0.5
GST_02307,Thailand,3,0,0.0
GST_02308,Australia,3,1,0.3333
GST_02309,Thailand,1,0,0.0
GST_02310,UK,5,2,0.4
GST_02311,China,4,0,0.0
GST_02312,UAE,6,2,0.3333
GST_02313,Germany,2,0,0.0
GST_02314,France,7,2,0.2857
GST_02315,Italy,7,1,0.1429
GST_02316,Thailand,7,2,0.2857
GST_02317,USA,2,1,0.5
GST_02318,UK,5,2,0.4
GST_02319,Germany,3,0,0.0
GST_02320,UK,2,0,0.0
GST_02321,Korea,3,2,0.6667
GST_02322,France,7,4,0.5714
GST_02323,Australia,2,1,0.5
GST_02324,USA,3,2,0.6667
GST_02325,Singapore,3,0,0.0
GST_02326,Netherlands,4,1,0.25
GST_02327,Singapore,5,2,0.4
GST_02328,Thailand,4,1,0.25
GST_02329,Australia,5,2,0.4
GST_02330,Thailand,3,2,0.6667
GST_02331,USA,5,2,0.4
GST_02332,Thailand,4,1,0.25
GST_02333,Australia,5,1,0.2
GST_02334,Japan,4,1,0.25
GST_02335,Thailand,3,2,0.6667
GST_02336,UK,2,1,0.5
GST_02337,Germany,2,1,0.5
GST_02338,UK,5,2,0.4
GST_02339,Thailand,6,1,0.1667
GST_02340,UK,1,0,0.0
GST_02341,India,2,2,1.0
GST_02342,Thailand,3,1,0.3333
GST_02343,Thailand,6,1,0.1667
GST_02344,UK,5,1,0.2
GST_02345,Netherlands,1,1,1.0
GST_02346,Japan,5,1,0.2
GST_02347,Japan,3,0,0.0
GST_02348,UK,2,0,0.0
GST_02349,Australia,5,0,0.0
GST_02350,Thailand,4,4,1.0
GST_02351,Australia,2,1,0.5
GST_02352,Canada,4,3,0.75
GST_02353,Australia,5,2,0.4
GST_02354,UAE,1,0,0.0
GST_02355,France,4,1,0.25
GST_02356,Thailand,3,2,0.6667
GST_02357,Korea,4,0,0.0
GST_02358,Thailand,5,2,0.4
GST_02359,China,5,1,0.2
GST_02360,Thailand,2,0,0.0
GST_02361,Thailand,4,2,0.5
GST_02362,Germany,3,1,0.3333
GST_02363,USA,0,0,0.0
GST_02364,Germany,4,0,0.0
GST_02365,Australia,4,2,0.5
GST_02366,Thailand,9,2,0.2222
GST_02367,Thailand,2,1,0.5
GST_02368,China,4,3,0.75
GST_02369,UK,2,0,0.0
GST_02370,France,3,0,0.0
GST_02371,Japan,3,1,0.3333
GST_02372,UAE,7,1,0.1429
GST_02373,Japan,3,0,0.0
GST_02374,Germany,4,0,0.0
GST_02375,Japan,2,1,0.5
GST_02376,USA,6,1,0.1667
GST_02377,USA,2,0,0.0
GST_02378,India,4,0,0.0
GST_02379,Germany,5,1,0.2
GST_02380,India,5,3,0.6
GST_02381,Singapore,5,2,0.4
GST_02382,UAE,2,1,0.5
GST_02383,Canada,4,1,0.25
GST_02384,Germany,1,1,1.0
GST_02385,USA,0,0,0.0
GST_02386,Australia,2,1,0.5
GST_02387,UK,6,2,0.3333
GST_02388,Australia,2,1,0.5
GST_02389,France,4,1,0.25
GST_02390,Japan,4,1,0.25
GST_02391,UK,5,0,0.0
GST_02392,Thailand,1,0,0.0
GST_02393,Germany,4,3,0.75
GST_02394,Thailand,1,0,0.0
GST_02395,Korea,6,2,0.3333
GST_02396,UK,1,0,0.0
GST_02397,Thailand,2,0,0.0
GST_02398,Thailand,4,2,0.5
GST_02399,Japan,4,2,0.5
GST_02400,Australia,9,4,0.4444
GST_02401,UK,3,2,0.6667
GST_02402,Thailand,3,2,0.6667
GST_02403,UK,6,4,0.6667
GST_02404,USA,2,0,0.0
GST_02405,Japan,5,0,0.0
GST_02406,Australia,6,3,0.5
GST_02407,UK,4,1,0.25
GST_02408,USA,4,3,0.75
GST_02409,Italy,2,2,1.0
GST_02410,Germany,1,1,1.0
GST_02411,Japan,7,3,0.4286
GST_02412,Thailand,2,1,0.5
GST_02413,Germany,7,1,0.1429
GST_02414,Thailand,1,0,0.0
GST_02415,China,7,1,0.1429
GST_02416,Netherlands,4,2,0.5
GST_02417,UK,8,2,0.25
GST_02418,Thailand,3,0,0.0
GST_02419,Thailand,0,0,0.0
GST_02420,UK,1,1,1.0
GST_02421,Thailand,1,0,0.0
GST_02422,Thailand,7,4,0.5714
GST_02423,India,1,1,1.0
GST_02424,Germany,4,1,0.25
GST_02425,USA,5,4,0.8
GST_02426,Korea,4,0,0.0
GST_02427,Thailand,2,1,0.5
GST_02428,Netherlands,4,2,0.5
GST_02429,USA,6,1,0.1667
GST_02430,Korea,5,1,0.2
GST_02431,Australia,7,2,0.2857
GST_02432,Singapore,3,1,0.3333
GST_02433,Italy,6,0,0.0
GST_02434,USA,2,1,0.5
GST_02435,Netherlands,4,2,0.5
GST_02436,UK,4,1,0.25
GST_02437,UK,2,1,0.5
GST_02438,UK,8,1,0.125
GST_02439,China,4,1,0.25
GST_02440,Thailand,3,0,0.0
GST_02441,China,5,3,0.6
GST_02442,China,5,2,0.4
GST_02443,India,0,0,0.0
GST_02444,Singapore,5,1,0.2
GST_02445,Germany,3,0,0.0
GST_02446,USA,3,1,0.3333
GST_02447,USA,6,0,0.0
GST_02448,Thailand,3,1,0.3333
GST_02449,Thailand,5,1,0.2
GST_02450,UK,5,3,0.6
GST_02451,USA,4,2,0.5
GST_02452,Netherlands,6,4,0.6667
GST_02453,China,2,1,0.5
GST_02454,UK,1,0,0.0
GST_02455,Australia,7,0,0.0
GST_02456,Thailand,2,0,0.0
GST_02457,Germany,7,4,0.5714
GST_02458,Australia,7,3,0.4286
GST_02459,Germany,7,3,0.4286
GST_02460,UK,2,1,0.5
GST_02461,Italy,5,2,0.4
GST_02462,Korea,1,0,0.0
GST_02463,Australia,4,1,0.25
GST_02464,China,3,2,0.6667
GST_02465,Australia,4,1,0.25
GST_02466,USA,2,1,0.5
GST_02467,UK,3,1,0.3333
GST_02468,Thailand,3,0,0.0
GST_02469,Germany,3,1,0.3333
GST_02470,China,7,5,0.7143
GST_02471,USA,3,1,0.3333
GST_02472,Netherlands,2,0,0.0
GST_02473,Korea,5,2,0.4
GST_02474,France,4,1,0.25
GST_02475,China,2,0,0.0
GST_02476,UAE,10,4,0.4
GST_02477,Thailand,5,1,0.2
GST_02478,India,5,0,0.0
GST_02479,Thailand,4,1,0.25
GST_02480,India,3,0,0.0
GST_02481,USA,4,1,0.25
GST_02482,UAE,2,1,0.5
GST_02483,Netherlands,2,0,0.0
GST_02484,Thailand,2,1,0.5
GST_02485,Germany,1,0,0.0
GST_02486,Italy,4,1,0.25
GST_02487,Germany,5,4,0.8
GST_02488,UAE,7,2,0.2857
GST_02489,Australia,2,0,0.0
GST_02490,UK,2,0,0.0
GST_02491,USA,5,1,0.2
GST_02492,USA,4,2,0.5
GST_02493,India,4,2,0.5
GST_02494,UK,0,0,0.0
GST_02495,China,2,0,0.0
GST_02496,Germany,2,0,0.0
GST_02497,Australia,5,3,0.6
GST_02498,UAE,3,1,0.3333
GST_02499,Italy,5,0,0.0
GST_02500,UK,5,1,0.2
